,0,1
3295,-85.044575,35.161054
3294,-85.044073,35.161259
3293,-85.043738,35.161557
3292,-85.040639,35.165927
3291,-85.040052,35.167094
3290,-85.039157,35.169566
3282,-85.038308,35.18067
3283,-85.038169,35.180509
3289,-85.038121,35.173275
3288,-85.037729,35.174831
3287,-85.037449,35.176159
3286,-85.037268,35.177174
3285,-85.037267,35.177181
3284,-85.03714,35.177899
3281,-85.035373,35.186048
3280,-85.03311,35.189732
3279,-85.032802,35.190396
3278,-85.031881,35.191036
3277,-85.031714,35.191036
3276,-85.02979,35.190897
3275,-85.029483,35.190759
3274,-85.028981,35.190827
3273,-85.0282,35.191193
3272,-85.027613,35.191834
3271,-85.027501,35.192498
3270,-85.023173,35.196088
3269,-85.019963,35.198169
3268,-85.019126,35.198282
3267,-85.018484,35.198625
3266,-85.017841,35.199357
3265,-85.016668,35.200867
3255,-85.01505,35.220234
3256,-85.014553,35.216388
3254,-85.01421,35.221997
3257,-85.013943,35.214098
3258,-85.013609,35.21341
3264,-85.013565,35.205374
3259,-85.01333,35.213319
3251,-85.012886,35.230718
3260,-85.012883,35.213616
3250,-85.012743,35.232481
3252,-85.012587,35.225521
3253,-85.012448,35.224628
3249,-85.011898,35.235265
3263,-85.011803,35.208418
3262,-85.011355,35.20947
3261,-85.011327,35.209699
3248,-85.009175,35.238795
3247,-85.006928,35.24156
3246,-85.00564,35.24303
3245,-85.002264,35.242246
3244,-85.001288,35.241695
2691,-83.353884,34.698547
2690,-83.35388,34.698572
2689,-83.3537,34.699663
2692,-83.353327,34.697228
2693,-83.353325,34.697223
2694,-83.352796,34.69666
2688,-83.351866,34.701358
2687,-83.351,34.701895
2672,-83.350998,34.713252
2673,-83.350874,34.713118
2674,-83.350871,34.713115
2675,-83.350239,34.709345
2676,-83.350161,34.708876
2686,-83.349197,34.702559
2677,-83.348964,34.706731
2678,-83.348961,34.706725
2685,-83.348353,34.70287
2679,-83.347333,34.705285
2695,-83.347239,34.69454
2680,-83.347221,34.705166
2684,-83.347141,34.703622
2683,-83.346841,34.704599
2681,-83.346808,34.704727
2682,-83.346804,34.704722
2696,-83.343727,34.694158
2710,-83.341924,34.68247
2709,-83.341924,34.682471
2708,-83.34174,34.683586
2707,-83.341491,34.684065
2706,-83.341057,34.684901
2697,-83.340644,34.692
2711,-83.340619,34.680835
2698,-83.340522,34.691915
2712,-83.340378,34.680533
2705,-83.339761,34.685705
2704,-83.339499,34.685868
2713,-83.339219,34.680028
2699,-83.338671,34.689945
2703,-83.338419,34.686761
2714,-83.338303,34.679928
2702,-83.338274,34.687138
2700,-83.337943,34.688735
2701,-83.337939,34.688729
2715,-83.337676,34.680093
2716,-83.334566,34.680911
2717,-83.332327,34.681298
2718,-83.331064,34.681413
2719,-83.328754,34.681287
2720,-83.328099,34.680765
2721,-83.327655,34.68041
2722,-83.324197,34.67877
2723,-83.322783,34.678183
2724,-83.321724,34.677743
2725,-83.320056,34.67655
2726,-83.319869,34.676332
2727,-83.318626,34.674881
2728,-83.318623,34.674878
2729,-83.318033,34.673205
2732,-83.317965,34.672281
2731,-83.317889,34.672738
2730,-83.317883,34.672777
2733,-83.317185,34.670431
2734,-83.317183,34.670427
2735,-83.317006,34.670206
2736,-83.316622,34.669724
2737,-83.316411,34.669459
2738,-83.315862,34.66902
2739,-83.31464,34.668887
2740,-83.314451,34.668949
2741,-83.310863,34.670116
2742,-83.30895,34.670413
2743,-83.307081,34.670494
2744,-83.305897,34.670079
2745,-83.305732,34.670004
2746,-83.30448,34.669429
2747,-83.304453,34.669416
2748,-83.304346,34.669319
2749,-83.30191,34.667101
2751,-83.301617,34.666833
2750,-83.301617,34.666834
2754,-83.301396,34.664409
2753,-83.301342,34.665118
2752,-83.301261,34.666163
2756,-83.301164,34.662995
2755,-83.301164,34.662997
2757,-83.300901,34.66265
2758,-83.300285,34.661843
2759,-83.299376,34.660652
2760,-83.293391,34.654567
2761,-83.29207,34.65316
2762,-83.291066,34.65305
2763,-83.29085,34.653026
2884,-83.288458,35.264275
2885,-83.28843,35.264664
2896,-83.28821,35.273005
2895,-83.288052,35.272866
2886,-83.288039,35.264893
2894,-83.287531,35.272345
2883,-83.287296,35.254316
2882,-83.287158,35.253354
2887,-83.286922,35.265075
2893,-83.286496,35.271599
2888,-83.286391,35.265441
2889,-83.286196,35.265876
2890,-83.285244,35.268599
2892,-83.285214,35.270293
2891,-83.28516,35.268919
2764,-83.281911,34.649775
2902,-83.281087,35.291259
2765,-83.281057,34.649302
2901,-83.281055,35.291106
2900,-83.281053,35.291098
2903,-83.281027,35.291411
2904,-83.280987,35.292731
2897,-83.2809,35.287461
2881,-83.280823,35.253258
2905,-83.280581,35.294237
2898,-83.280576,35.288128
2899,-83.280436,35.288185
2766,-83.280356,34.648847
2906,-83.280263,35.294526
2767,-83.279632,34.647985
2907,-83.279539,35.294526
2768,-83.279408,34.647718
2769,-83.279191,34.64746
2770,-83.279188,34.647456
2771,-83.278937,34.646495
2908,-83.278873,35.294584
2772,-83.278714,34.645638
2773,-83.278713,34.645636
2774,-83.278527,34.645402
2775,-83.278503,34.645372
2909,-83.278409,35.294497
2910,-83.277975,35.294179
2776,-83.277941,34.644667
2911,-83.277512,35.293513
2777,-83.27734,34.644568
2912,-83.277135,35.292789
2913,-83.277027,35.292594
2914,-83.276925,35.292561
2915,-83.276888,35.292516
2778,-83.27686,34.644488
2916,-83.276694,35.291912
2917,-83.276692,35.291906
2918,-83.276353,35.290849
2779,-83.276249,34.644116
2919,-83.275774,35.289082
2920,-83.275224,35.288706
2921,-83.274674,35.288416
2780,-83.2742,34.642868
2880,-83.273958,35.253207
2781,-83.273194,34.642379
2922,-83.272879,35.288532
2782,-83.271883,34.641856
2783,-83.271543,34.641765
2923,-83.270852,35.289314
2879,-83.270386,35.248675
2878,-83.270193,35.246981
2877,-83.270026,35.246523
2784,-83.269962,34.64134
2785,-83.269503,34.641217
2876,-83.26866,35.24485
2875,-83.267964,35.244163
2924,-83.267927,35.290617
2786,-83.267258,34.640971
2874,-83.267183,35.243567
2947,-83.264677,35.328303
2925,-83.264105,35.29302
2926,-83.263655,35.293513
2948,-83.263653,35.330862
2927,-83.263627,35.293513
2928,-83.262253,35.295251
2946,-83.261968,35.327013
2945,-83.261964,35.327011
2929,-83.260919,35.297271
2949,-83.260209,35.330901
2950,-83.2602,35.330901
2873,-83.259962,35.238617
2939,-83.259344,35.317716
2941,-83.259335,35.323696
2944,-83.259296,35.325741
2940,-83.259258,35.322932
2943,-83.25922,35.325607
2942,-83.259182,35.324824
2938,-83.258738,35.315171
2930,-83.257606,35.302362
2872,-83.257229,35.237355
2937,-83.256941,35.310214
2936,-83.256879,35.310201
2951,-83.256779,35.330939
2934,-83.256445,35.308783
2935,-83.256394,35.308867
2931,-83.256354,35.304827
2933,-83.256152,35.3081
2932,-83.25599,35.306241
2871,-83.255472,35.236896
2952,-83.254607,35.332908
2953,-83.253978,35.333013
2870,-83.253463,35.236711
2954,-83.253453,35.332068
2869,-83.253017,35.236688
2955,-83.252824,35.331386
2956,-83.25125,35.332068
2957,-83.250253,35.334796
2868,-83.249158,35.238366
2958,-83.248942,35.335898
2867,-83.248238,35.239053
2960,-83.247794,35.337426
2959,-83.247787,35.337367
2866,-83.247627,35.240382
2961,-83.246791,35.338521
2962,-83.246056,35.338573
2963,-83.241912,35.336108
2964,-83.239394,35.335216
2977,-83.237855,35.347796
2976,-83.237127,35.344562
2975,-83.236351,35.34361
2965,-83.236224,35.337877
2966,-83.236209,35.33789
2967,-83.236125,35.33796
2974,-83.235879,35.34298
2973,-83.235144,35.342875
2972,-83.23441,35.342875
2971,-83.233728,35.342875
2968,-83.23357,35.341669
2970,-83.23336,35.342718
2969,-83.233256,35.342403
0,-83.16794,34.522973
3053,-83.164848,34.612513
3054,-83.164548,34.611854
1,-83.164156,34.525587
2,-83.161085,34.524931
3,-83.159562,34.524763
4,-83.156911,34.524848
5,-83.153104,34.527206
6,-83.152869,34.527685
7,-83.150834,34.528723
8,-83.148549,34.52847
9,-83.136986,34.526178
10,-83.135671,34.524768
11,-83.132583,34.524678
12,-83.127827,34.525288
13,-83.127813,34.525293
3043,-83.106742,34.585362
3042,-83.106545,34.585623
3044,-83.105484,34.583338
3045,-83.103354,34.582027
3046,-83.102739,34.57961
3051,-83.101461,34.565949
3050,-83.101252,34.567189
3052,-83.101137,34.565203
3049,-83.100247,34.572258
3047,-83.099586,34.575719
3048,-83.098937,34.574513
55,-83.025609,34.456143
56,-83.025483,34.456887
57,-83.023884,34.458098
54,-83.02375,34.454292
58,-83.023156,34.45966
59,-83.022988,34.460652
61,-83.022844,34.465186
60,-83.02277,34.463787
62,-83.022221,34.465571
53,-83.020844,34.451813
3200,-82.935909,34.511347
3201,-82.933779,34.509149
3141,-82.880615,34.531835
3142,-82.875643,34.528234
3143,-82.875072,34.527032
3144,-82.874911,34.52688
3145,-82.874904,34.526873
3146,-82.874002,34.526026
3147,-82.873296,34.523797
3148,-82.872903,34.523373
3149,-82.87018,34.522054
3150,-82.866539,34.519746
3151,-82.866149,34.519359
3152,-82.866143,34.519353
3155,-82.864929,34.514634
3153,-82.864814,34.518033
3154,-82.864523,34.516104
3156,-82.863445,34.513328
3157,-82.862532,34.513224
3158,-82.86084,34.514044
3159,-82.858645,34.514174
3161,-82.856342,34.509489
3160,-82.855851,34.511456
3162,-82.854288,34.506981
3163,-82.853612,34.506399
3164,-82.851833,34.506197
2787,-82.821821,34.357223
2788,-82.821742,34.357272
2789,-82.819771,34.357047
2790,-82.819171,34.356767
2791,-82.819054,34.356713
2792,-82.81715,34.354654
2793,-82.816963,34.354451
2794,-82.815634,34.353452
2795,-82.815628,34.353448
2796,-82.813395,34.351769
2797,-82.812182,34.351184
2798,-82.81218,34.351183
2799,-82.811679,34.350941
2800,-82.810258,34.350366
2801,-82.809072,34.349885
2802,-82.808561,34.349419
2803,-82.805659,34.34677
2804,-82.805656,34.346767
2805,-82.805589,34.346706
2806,-82.805429,34.346621
2807,-82.803938,34.345826
2808,-82.800765,34.344133
2809,-82.799261,34.342506
2810,-82.799077,34.342307
2811,-82.798675,34.341871
2812,-82.795515,34.337717
2814,-82.793737,34.331825
2813,-82.793726,34.334605
2815,-82.791835,34.3268
2816,-82.790953,34.324471
2817,-82.79095,34.324464
2818,-82.79006,34.322111
2819,-82.789918,34.321438
2820,-82.78942,34.319067
2821,-82.788424,34.313137
2822,-82.788117,34.312217
2823,-82.787152,34.31082
2824,-82.786504,34.309883
2825,-82.78498,34.307938
2826,-82.782126,34.303819
2829,-82.781813,34.301127
2828,-82.781652,34.302068
2827,-82.781643,34.30212
2830,-82.781528,34.300083
2831,-82.781298,34.299597
2832,-82.780393,34.297677
2833,-82.780067,34.296428
2834,-82.780019,34.296244
2835,-82.779884,34.29609
2836,-82.77405,34.289469
2837,-82.772407,34.288291
2838,-82.771642,34.286434
2839,-82.769317,34.28465
2840,-82.766753,34.28246
2841,-82.766148,34.282093
2842,-82.765211,34.281524
2843,-82.761803,34.279743
2844,-82.761369,34.279567
2845,-82.760038,34.279514
2846,-82.759679,34.279499
2847,-82.756841,34.277069
2848,-82.756441,34.276726
2849,-82.756319,34.276712
2850,-82.755834,34.276656
2851,-82.754141,34.275703
2852,-82.753228,34.274713
2853,-82.752773,34.273289
2854,-82.752725,34.273138
2855,-82.751593,34.271618
2856,-82.750571,34.270362
2857,-82.749134,34.267921
2859,-82.748971,34.264362
2858,-82.748849,34.266877
2860,-82.747965,34.261211
2861,-82.74792,34.261154
2862,-82.745551,34.258152
2863,-82.745041,34.255741
2864,-82.745039,34.255735
2865,-82.744472,34.253056
90,-82.673142,33.98524
91,-82.672241,33.985229
92,-82.669562,33.985197
93,-82.668259,33.985755
94,-82.664558,33.987339
95,-82.664052,33.987556
96,-82.662239,33.988232
97,-82.65881,33.990238
98,-82.656221,33.99095
99,-82.65499,33.990934
100,-82.653975,33.990563
101,-82.650881,33.987041
102,-82.649498,33.986121
103,-82.648309,33.984971
104,-82.645433,33.984147
105,-82.644809,33.983806
106,-82.644423,33.983573
107,-82.615959,33.919526
108,-82.615841,33.919643
111,-82.615438,33.924466
109,-82.615068,33.922145
112,-82.614967,33.927195
110,-82.614812,33.923633
113,-82.614407,33.927762
114,-82.6132,33.928507
115,-82.612402,33.928667
116,-82.611194,33.928527
117,-82.609941,33.927748
118,-82.608129,33.927537
119,-82.607008,33.927786
120,-82.605503,33.928916
34,-82.584683,33.640918
35,-82.584582,33.648628
33,-82.584498,33.640292
32,-82.584356,33.639811
31,-82.584295,33.639606
30,-82.584224,33.639529
36,-82.584047,33.650844
29,-82.583492,33.638725
28,-82.583262,33.638473
37,-82.5825,33.651802
27,-82.582424,33.637995
38,-82.58217,33.651738
14,-82.581978,33.632725
15,-82.581587,33.632776
39,-82.58114,33.651537
16,-82.58098,33.633015
40,-82.580866,33.651484
26,-82.580016,33.637712
44,-82.579895,33.647319
43,-82.579868,33.647476
41,-82.579833,33.65035
42,-82.57966,33.648684
45,-82.579659,33.646912
46,-82.579367,33.646466
17,-82.579027,33.63453
25,-82.578561,33.638005
24,-82.578426,33.638032
23,-82.57836,33.638025
18,-82.578144,33.635214
47,-82.577592,33.643758
22,-82.577523,33.637927
19,-82.577509,33.636052
20,-82.57735,33.636261
21,-82.577136,33.637501
48,-82.574753,33.64064
49,-82.57286,33.639152
50,-82.571807,33.639028
51,-82.570948,33.639561
52,-82.570864,33.63971
63,-82.55112,33.598425
64,-82.551041,33.598331
65,-82.549436,33.597916
66,-82.54878,33.598007
67,-82.54878,33.598007
68,-82.545978,33.598395
69,-82.540092,33.600488
70,-82.539233,33.60102
71,-82.538719,33.603998
72,-82.538418,33.603963
73,-82.535969,33.603928
74,-82.529997,33.60563
75,-82.529653,33.605843
76,-82.527784,33.608662
79,-82.527463,33.611409
77,-82.527312,33.609619
80,-82.527269,33.612526
78,-82.527076,33.610984
81,-82.518246,33.618553
82,-82.516699,33.61951
83,-82.514034,33.620715
84,-82.512358,33.620644
85,-82.51094,33.619084
86,-82.51051,33.618907
87,-82.507008,33.618747
88,-82.506535,33.618818
89,-82.502628,33.620175
121,-82.477492,33.603001
136,-82.475267,33.831329
128,-82.475188,33.612838
129,-82.474821,33.614948
122,-82.474806,33.602664
130,-82.474306,33.615266
123,-82.474119,33.603089
127,-82.474029,33.610676
131,-82.473403,33.61516
126,-82.473148,33.609559
125,-82.472633,33.608991
124,-82.472612,33.608229
137,-82.472503,33.831737
138,-82.472501,33.831738
132,-82.470759,33.617126
133,-82.470349,33.621256
134,-82.470112,33.622621
135,-82.469614,33.62398
139,-82.467556,33.832469
140,-82.459947,33.837267
141,-82.457059,33.837939
142,-82.455487,33.836361
143,-82.450984,33.835703
144,-82.448076,33.835613
145,-82.440853,33.83995
3118,-82.43927,33.961779
3117,-82.43916,33.964171
146,-82.438871,33.839842
3102,-82.438312,33.982106
3112,-82.438222,33.973932
3111,-82.438048,33.974924
147,-82.438031,33.839363
3116,-82.437798,33.965782
3119,-82.437718,33.960077
3103,-82.437717,33.982099
3113,-82.43734,33.971044
3115,-82.437128,33.966969
3104,-82.437072,33.980061
3110,-82.436666,33.975773
3114,-82.436564,33.969307
3105,-82.435907,33.979228
3109,-82.435133,33.975719
148,-82.435061,33.836101
3106,-82.434484,33.977668
3108,-82.434269,33.97625
3107,-82.434139,33.976994
3120,-82.433921,33.95887
3121,-82.432735,33.957717
3122,-82.432671,33.957204
3123,-82.430582,33.952401
149,-82.430062,33.835637
3124,-82.429807,33.950664
3125,-82.429781,33.950635
3126,-82.429776,33.950629
150,-82.429546,33.835069
3127,-82.428773,33.949529
151,-82.428279,33.834248
152,-82.428272,33.834243
153,-82.426919,33.833366
3128,-82.426401,33.94811
154,-82.424549,33.832833
3129,-82.423447,33.946496
3130,-82.421528,33.94513
155,-82.421233,33.831554
3131,-82.419804,33.943534
156,-82.41893,33.829763
157,-82.417186,33.82829
3132,-82.416528,33.940236
3133,-82.414912,33.938463
158,-82.414605,33.825453
159,-82.414303,33.825409
3134,-82.414201,33.937682
3135,-82.411595,33.934083
3136,-82.41095,33.932488
3137,-82.407113,33.930642
3138,-82.400899,33.93092
3191,-82.397996,33.953613
3190,-82.397669,33.955473
3192,-82.397393,33.952655
3189,-82.396717,33.957385
3196,-82.394502,33.93839
3188,-82.394478,33.961477
3139,-82.394318,33.931533
3195,-82.394107,33.942394
3197,-82.393732,33.933995
3193,-82.393645,33.948541
3198,-82.393153,33.932028
3194,-82.392979,33.946184
3055,-82.392636,33.931461
3140,-82.392636,33.931461
3199,-82.392636,33.931461
3187,-82.391577,33.961403
3186,-82.391575,33.961403
3056,-82.39061,33.929828
3067,-82.390504,33.915512
3066,-82.390222,33.916238
3068,-82.390032,33.913811
3069,-82.389386,33.913102
3065,-82.389013,33.916981
3058,-82.388589,33.925539
3057,-82.388263,33.927398
3185,-82.387937,33.96131
3073,-82.38767,33.907076
3072,-82.38756,33.908581
3070,-82.387489,33.912497
3064,-82.387416,33.917298
3059,-82.386913,33.921922
3071,-82.386843,33.911788
3063,-82.385454,33.917066
3060,-82.385363,33.92022
3062,-82.384763,33.91749
3061,-82.384632,33.918234
3074,-82.384161,33.903369
3184,-82.383431,33.965432
3078,-82.382882,33.894862
3077,-82.382838,33.89511
3075,-82.381902,33.900442
3076,-82.381838,33.899929
3079,-82.38127,33.89176
3183,-82.380711,33.965996
3080,-82.380173,33.890111
3182,-82.379112,33.966756
3081,-82.37772,33.887415
3181,-82.377559,33.966382
3180,-82.376351,33.966239
3179,-82.375659,33.966663
3178,-82.375421,33.967141
3177,-82.375116,33.968877
3082,-82.374641,33.884771
3176,-82.374078,33.969513
3175,-82.372091,33.97029
3083,-82.370703,33.880886
3168,-82.370097,33.974611
3167,-82.369945,33.975479
3169,-82.369193,33.973618
3166,-82.36908,33.976009
3174,-82.368248,33.971101
3170,-82.367682,33.973438
3165,-82.367681,33.976516
3173,-82.367471,33.971135
3172,-82.366757,33.971683
3171,-82.366605,33.972551
3084,-82.366506,33.876716
3085,-82.36435,33.876861
3086,-82.36435,33.876861
3243,-82.36435,33.876861
3242,-82.364269,33.877676
3241,-82.364131,33.878071
3240,-82.363421,33.880112
3087,-82.36224,33.875577
3088,-82.361795,33.875376
3089,-82.361789,33.875373
3090,-82.361099,33.875061
3101,-82.359488,33.852005
3100,-82.35806,33.852926
3091,-82.358059,33.874827
3239,-82.356804,33.882898
3092,-82.356789,33.87417
3099,-82.356181,33.854855
3098,-82.35536,33.856023
3097,-82.354233,33.858928
3093,-82.354077,33.872075
3094,-82.353173,33.871082
3095,-82.352981,33.870426
3096,-82.352863,33.864968
3235,-82.351868,33.887257
3238,-82.351297,33.8844
3237,-82.351292,33.884403
3236,-82.35129,33.885289
3234,-82.34983,33.889846
177,-82.20115,33.646733
176,-82.20115,33.64678
175,-82.201123,33.649068
174,-82.201117,33.649515
173,-82.200807,33.651081
160,-82.200763,33.664255
161,-82.200524,33.66399
172,-82.200465,33.652802
171,-82.200459,33.652881
165,-82.20005,33.662015
166,-82.200014,33.661878
164,-82.199997,33.662232
167,-82.199946,33.661622
168,-82.199945,33.661616
169,-82.199867,33.661318
170,-82.199824,33.661156
162,-82.199777,33.663163
163,-82.199773,33.663159
179,-82.19859,33.637185
178,-82.19859,33.637186
180,-82.198123,33.636325
181,-82.197631,33.635421
182,-82.197628,33.635415
183,-82.195418,33.629707
184,-82.195416,33.629701
185,-82.19109,33.625949
186,-82.189079,33.62387
187,-82.182292,33.617983
188,-82.18,33.616187
189,-82.176807,33.614281
190,-82.171828,33.612919
191,-82.16601,33.611962
192,-82.164635,33.611922
193,-82.16425,33.611496
194,-82.162332,33.61074
195,-82.161219,33.610302
196,-82.160246,33.61021
197,-82.158794,33.610071
198,-82.157965,33.609516
199,-82.154022,33.606877
200,-82.154019,33.606875
201,-82.153788,33.60572
202,-82.152712,33.601801
203,-82.15271,33.601797
204,-82.149651,33.599038
205,-82.147646,33.59723
206,-82.144509,33.5944
207,-82.139922,33.592178
208,-82.137939,33.591598
209,-82.135255,33.590945
210,-82.135252,33.590944
211,-82.135246,33.590944
212,-82.134359,33.590826
213,-82.132316,33.590555
214,-82.13221,33.590513
215,-82.129183,33.590273
216,-82.126022,33.590776
217,-82.125505,33.591093
218,-82.123552,33.59301
219,-82.123551,33.593011
220,-82.123314,33.593244
221,-82.121556,33.594731
222,-82.118434,33.596316
223,-82.116175,33.596929
224,-82.11607,33.596892
3232,-82.048485,33.575386
3233,-82.048018,33.571946
3231,-82.047491,33.580079
3230,-82.045572,33.581365
3229,-82.042645,33.582275
3228,-82.04185,33.582431
3227,-82.040047,33.582211
3226,-82.038333,33.581495
225,-82.037015,33.553762
226,-82.036576,33.55325
3225,-82.036497,33.57975
227,-82.036242,33.552859
3224,-82.034994,33.579567
3206,-82.034981,33.599331
3205,-82.03498,33.599333
3207,-82.034469,33.598761
3204,-82.03413,33.601507
3216,-82.033994,33.585146
3215,-82.033749,33.58651
228,-82.033555,33.54822
3217,-82.033551,33.584211
3218,-82.033548,33.584205
3214,-82.03351,33.586988
3223,-82.033403,33.579879
3222,-82.032324,33.580761
3219,-82.032143,33.582642
3220,-82.03214,33.582639
3221,-82.031951,33.581982
229,-82.031563,33.545858
230,-82.03153,33.545819
231,-82.031024,33.544363
3208,-82.030556,33.595749
3213,-82.02976,33.589063
3209,-82.02897,33.595176
232,-82.028238,33.544933
3212,-82.028024,33.591892
3210,-82.027716,33.593633
3211,-82.027712,33.593628
3203,-82.027563,33.603873
3202,-82.027165,33.604454
233,-82.026858,33.541066
234,-82.024083,33.538572
235,-82.021525,33.535725
236,-82.019985,33.534903
237,-82.018837,33.534639
238,-82.017627,33.534361
239,-82.01583,33.533745
240,-82.012542,33.532151
241,-82.012402,33.531643
242,-82.012065,33.53139
243,-82.012059,33.531385
244,-82.011249,33.530776
245,-82.009865,33.529736
246,-82.009237,33.527251
247,-82.008964,33.526708
248,-82.008945,33.52667
249,-82.00855,33.525486
250,-82.008545,33.525253
251,-82.008526,33.524376
252,-82.007726,33.523485
253,-82.007548,33.523288
254,-82.00712,33.52281
255,-82.006496,33.522734
256,-82.005468,33.522608
257,-82.003606,33.521873
258,-82.002644,33.521248
259,-82.001895,33.520414
260,-82.001494,33.519966
262,-82.00102,33.518251
261,-82.001011,33.518387
263,-82.000422,33.515961
264,-81.999838,33.514834
265,-81.998177,33.511956
266,-81.996272,33.508048
267,-81.995249,33.506909
268,-81.993304,33.505783
269,-81.991688,33.503684
275,-81.990784,33.497617
270,-81.990604,33.50086
276,-81.990581,33.497437
274,-81.990508,33.498007
271,-81.990414,33.50014
272,-81.990412,33.500051
273,-81.990372,33.4982
277,-81.973979,33.482723
278,-81.973852,33.482611
279,-81.973647,33.482558
280,-81.973641,33.482557
281,-81.971396,33.481977
282,-81.969163,33.481401
283,-81.965396,33.480178
284,-81.959152,33.477597
285,-81.959146,33.477594
286,-81.958329,33.477257
287,-81.957975,33.47711
288,-81.957953,33.477116
289,-81.957653,33.477197
290,-81.957346,33.476855
291,-81.95727,33.47677
292,-81.955882,33.476018
293,-81.955285,33.475695
294,-81.95528,33.475692
295,-81.948189,33.47185
411,-81.946578,33.368476
412,-81.946435,33.367571
410,-81.946372,33.370471
409,-81.946371,33.370479
408,-81.946365,33.370484
369,-81.945799,33.40514
368,-81.945547,33.40739
407,-81.945443,33.371378
413,-81.945233,33.364888
367,-81.945003,33.40775
370,-81.944418,33.403448
406,-81.944411,33.372011
414,-81.943853,33.363196
405,-81.943445,33.372273
366,-81.943286,33.408886
371,-81.943016,33.40266
296,-81.942841,33.470051
365,-81.942654,33.409057
364,-81.942642,33.40906
363,-81.942625,33.409058
415,-81.942257,33.361858
362,-81.941116,33.408872
361,-81.940843,33.408838
428,-81.940382,33.345908
427,-81.940181,33.347024
429,-81.940171,33.345375
426,-81.939999,33.347215
360,-81.939802,33.408356
430,-81.939152,33.344235
404,-81.938614,33.372178
403,-81.938562,33.372177
372,-81.938404,33.400068
416,-81.938098,33.359444
431,-81.938021,33.343715
373,-81.93798,33.39983
425,-81.937915,33.349407
374,-81.936906,33.399226
417,-81.936884,33.358533
402,-81.936876,33.371335
432,-81.936823,33.343567
359,-81.936742,33.406938
418,-81.936558,33.358169
424,-81.935932,33.351064
419,-81.935737,33.357251
297,-81.93558,33.468649
401,-81.935218,33.369483
375,-81.935204,33.397622
423,-81.93511,33.35223
420,-81.934912,33.355881
421,-81.934816,33.355595
400,-81.934748,33.369118
376,-81.934633,33.396538
422,-81.934514,33.354691
433,-81.933955,33.34334
399,-81.933472,33.368127
398,-81.932768,33.367786
358,-81.932696,33.406439
377,-81.932483,33.38892
298,-81.932437,33.467375
328,-81.932379,33.426047
329,-81.932372,33.426023
378,-81.932371,33.38819
330,-81.932134,33.425191
327,-81.932044,33.427907
331,-81.932003,33.424733
380,-81.9319,33.383651
379,-81.931849,33.384786
381,-81.931578,33.382403
434,-81.931492,33.343416
382,-81.931388,33.38167
326,-81.931243,33.428949
383,-81.931088,33.380509
397,-81.93097,33.367564
384,-81.930939,33.380312
332,-81.930345,33.422881
357,-81.930164,33.406887
325,-81.929928,33.429864
299,-81.928918,33.464786
385,-81.928861,33.377572
386,-81.928568,33.377409
356,-81.928075,33.408277
324,-81.927737,33.430092
396,-81.926861,33.369972
300,-81.926748,33.462364
435,-81.926581,33.345331
436,-81.926553,33.345342
437,-81.926541,33.34534
355,-81.92654,33.409989
395,-81.926354,33.370626
387,-81.926215,33.376104
333,-81.926206,33.420342
394,-81.925187,33.37213
388,-81.925173,33.375088
393,-81.925066,33.372286
392,-81.925049,33.372378
334,-81.924893,33.419307
389,-81.92481,33.373819
391,-81.924804,33.37374
390,-81.924798,33.373774
301,-81.924669,33.459446
438,-81.924606,33.345101
354,-81.924173,33.412555
323,-81.924072,33.430473
335,-81.923645,33.418699
302,-81.923505,33.457401
439,-81.923348,33.344439
322,-81.923322,33.43038
353,-81.923261,33.412107
303,-81.922829,33.45605
336,-81.922445,33.418155
304,-81.921821,33.453137
352,-81.921421,33.410475
337,-81.921068,33.417419
440,-81.920777,33.341712
321,-81.920467,33.430915
305,-81.920214,33.45015
351,-81.919837,33.409643
441,-81.919655,33.340957
464,-81.919289,33.334683
465,-81.919063,33.333387
463,-81.918738,33.335441
442,-81.918673,33.340296
350,-81.918364,33.408715
306,-81.918308,33.447126
466,-81.918276,33.332656
462,-81.917937,33.336542
320,-81.91765,33.432088
461,-81.917637,33.337542
443,-81.917337,33.341342
460,-81.916637,33.338542
319,-81.916616,33.432721
349,-81.916476,33.408235
338,-81.916364,33.416123
318,-81.916188,33.433206
459,-81.916037,33.339342
444,-81.916037,33.342242
458,-81.915537,33.340742
317,-81.915503,33.433982
316,-81.915501,33.433984
445,-81.914937,33.343742
307,-81.91457,33.442355
446,-81.914537,33.344741
315,-81.914497,33.435121
348,-81.914284,33.408411
467,-81.91427,33.330259
457,-81.914237,33.341842
447,-81.914037,33.345641
314,-81.913931,33.436186
313,-81.913801,33.43643
312,-81.913769,33.436607
475,-81.913637,33.320942
339,-81.91358,33.415995
476,-81.913498,33.320457
308,-81.913452,33.440062
309,-81.91339,33.439673
310,-81.913389,33.439666
311,-81.913309,33.439157
448,-81.913259,33.346676
477,-81.913237,33.319542
456,-81.912637,33.342042
347,-81.912572,33.408811
474,-81.912337,33.322142
478,-81.912137,33.319142
340,-81.912028,33.415595
449,-81.911897,33.347148
455,-81.911637,33.342042
346,-81.911436,33.409499
473,-81.911337,33.322542
479,-81.910937,33.319342
450,-81.910802,33.347104
472,-81.910796,33.322774
341,-81.910764,33.415035
345,-81.91038,33.410411
454,-81.909962,33.342417
471,-81.909937,33.323142
342,-81.909884,33.414027
344,-81.909788,33.411387
343,-81.909628,33.412603
451,-81.909262,33.346704
470,-81.909137,33.323942
480,-81.909092,33.319983
452,-81.908637,33.345741
453,-81.908437,33.343842
469,-81.908237,33.325742
468,-81.908163,33.326774
481,-81.907053,33.320838
484,-81.906161,33.324863
482,-81.906131,33.32162
485,-81.906037,33.326042
483,-81.905918,33.323362
486,-81.905137,33.326642
487,-81.90475,33.327125
488,-81.904207,33.327493
489,-81.903785,33.328381
490,-81.903467,33.329049
491,-81.902848,33.331635
492,-81.902824,33.331649
493,-81.901987,33.332162
503,-81.899587,33.324258
494,-81.899585,33.332752
502,-81.89943,33.325126
504,-81.899422,33.323477
501,-81.899148,33.325586
500,-81.899089,33.325682
499,-81.898997,33.325833
505,-81.898149,33.322052
498,-81.897652,33.32702
497,-81.897358,33.327279
506,-81.897018,33.321531
496,-81.896992,33.328009
495,-81.896641,33.328711
507,-81.895349,33.321452
515,-81.892147,33.317568
516,-81.891985,33.317295
508,-81.891832,33.322284
517,-81.890593,33.31495
518,-81.890563,33.3149
519,-81.890412,33.314981
509,-81.890207,33.321956
514,-81.890124,33.319029
513,-81.889898,33.319397
512,-81.88969,33.319736
510,-81.889531,33.321062
511,-81.889466,33.320976
520,-81.8865,33.317059
521,-81.885867,33.31723
522,-81.885748,33.317262
523,-81.885535,33.31732
524,-81.8855,33.317315
534,-81.884835,33.308485
533,-81.884738,33.309867
532,-81.883766,33.311015
531,-81.883259,33.311325
525,-81.88314,33.317023
530,-81.882734,33.311647
529,-81.88215,33.312336
528,-81.882112,33.312547
526,-81.881972,33.315864
527,-81.881725,33.314692
535,-81.88169,33.303023
536,-81.880926,33.302168
537,-81.879879,33.302038
538,-81.879191,33.30246
539,-81.878927,33.302787
540,-81.877473,33.304592
541,-81.874456,33.308339
542,-81.874111,33.308788
543,-81.871254,33.312506
544,-81.870221,33.313138
545,-81.870125,33.313169
546,-81.869084,33.313504
547,-81.866453,33.313241
548,-81.865499,33.312172
551,-81.865146,33.303126
549,-81.86514,33.31162
552,-81.864277,33.302004
550,-81.864039,33.307553
599,-81.863505,33.289356
598,-81.863348,33.290224
600,-81.863265,33.289136
553,-81.863252,33.30175
597,-81.86276,33.291057
596,-81.862113,33.291972
595,-81.861981,33.292706
592,-81.861949,33.296263
593,-81.861917,33.29571
594,-81.861799,33.293708
591,-81.861765,33.297626
590,-81.861721,33.297946
554,-81.861554,33.30268
556,-81.860985,33.304131
555,-81.86097,33.303368
557,-81.860825,33.304422
558,-81.860529,33.304962
559,-81.860461,33.30501
589,-81.859784,33.299354
601,-81.858875,33.28511
560,-81.85871,33.306266
588,-81.858704,33.299251
561,-81.858419,33.306475
602,-81.858387,33.284662
587,-81.857603,33.299146
562,-81.857328,33.307547
563,-81.85693,33.307938
564,-81.856301,33.308874
565,-81.856202,33.309423
566,-81.856122,33.309866
567,-81.855788,33.310071
568,-81.855422,33.310295
569,-81.855089,33.310499
586,-81.854625,33.299537
570,-81.854592,33.310483
571,-81.854416,33.310477
572,-81.85372,33.310455
690,-81.853186,33.249147
689,-81.853135,33.249427
585,-81.852978,33.299332
691,-81.852977,33.248613
688,-81.852872,33.250883
687,-81.852844,33.25092
584,-81.852275,33.298991
583,-81.852153,33.299003
686,-81.852072,33.251925
692,-81.852057,33.247544
685,-81.850846,33.252786
582,-81.850562,33.299159
603,-81.849926,33.28323
684,-81.849732,33.253028
581,-81.849551,33.299667
693,-81.849537,33.24565
580,-81.849438,33.299783
683,-81.849286,33.252958
573,-81.848867,33.307692
694,-81.84852,33.244509
574,-81.848309,33.307374
664,-81.848123,33.263606
663,-81.848088,33.263965
662,-81.847978,33.265064
661,-81.847936,33.265485
695,-81.847847,33.243157
660,-81.847802,33.265644
659,-81.847604,33.265877
658,-81.847547,33.265944
657,-81.847521,33.26596
604,-81.847307,33.284173
682,-81.847203,33.252631
579,-81.847112,33.302153
578,-81.846878,33.302502
656,-81.846859,33.266365
696,-81.8468,33.242142
665,-81.846688,33.258863
575,-81.846528,33.305377
577,-81.846483,33.30309
576,-81.846214,33.304578
697,-81.84621,33.24157
681,-81.846193,33.252472
666,-81.846097,33.258201
667,-81.845977,33.258065
698,-81.845896,33.241266
680,-81.845865,33.25242
605,-81.845811,33.283987
668,-81.845671,33.257722
655,-81.845595,33.266589
606,-81.845407,33.283683
679,-81.845095,33.252451
669,-81.844818,33.257362
607,-81.844562,33.282437
608,-81.844384,33.279763
609,-81.844382,33.27973
610,-81.844315,33.278729
654,-81.844296,33.266716
653,-81.843883,33.266756
699,-81.84381,33.240118
611,-81.843044,33.277303
652,-81.842686,33.266607
651,-81.842679,33.266596
650,-81.842149,33.26566
649,-81.84199,33.265379
648,-81.841978,33.265236
647,-81.841893,33.264226
646,-81.841026,33.263104
678,-81.840825,33.254076
670,-81.840623,33.256717
671,-81.840503,33.256699
612,-81.840351,33.274432
672,-81.84033,33.256504
677,-81.839965,33.254603
613,-81.839947,33.274128
676,-81.839912,33.254894
675,-81.839836,33.255314
673,-81.839836,33.25595
674,-81.83974,33.255843
700,-81.838861,33.238741
614,-81.838136,33.273845
645,-81.838036,33.262545
644,-81.837236,33.261045
615,-81.837036,33.274145
643,-81.836836,33.260045
642,-81.836036,33.259145
627,-81.836036,33.263545
616,-81.835836,33.274845
626,-81.835807,33.264839
623,-81.835736,33.271045
624,-81.835592,33.269468
628,-81.835436,33.262395
625,-81.835386,33.26722
641,-81.835036,33.258645
622,-81.835036,33.271945
617,-81.834736,33.275445
629,-81.834236,33.262145
640,-81.834011,33.258395
621,-81.833936,33.272695
618,-81.833336,33.276145
639,-81.832986,33.258995
620,-81.832832,33.273978
630,-81.832761,33.262595
619,-81.832436,33.275345
701,-81.831998,33.233575
638,-81.831836,33.260145
631,-81.831836,33.263345
637,-81.830936,33.260895
632,-81.830936,33.264145
636,-81.829836,33.261495
633,-81.829636,33.264395
635,-81.828536,33.262345
634,-81.828536,33.263845
702,-81.828381,33.229067
703,-81.826849,33.228242
704,-81.822984,33.227633
705,-81.818806,33.226225
706,-81.818542,33.226192
707,-81.818507,33.226187
708,-81.818411,33.226136
709,-81.815442,33.224537
710,-81.810948,33.223491
711,-81.810748,33.223444
712,-81.810516,33.223212
713,-81.809584,33.222286
714,-81.809583,33.222284
715,-81.808642,33.219884
716,-81.808181,33.216529
718,-81.80816,33.214117
717,-81.80816,33.214119
719,-81.807942,33.213795
720,-81.807316,33.21287
721,-81.806531,33.212138
722,-81.805127,33.211456
723,-81.804767,33.211411
724,-81.803482,33.21125
725,-81.79991,33.211565
726,-81.797369,33.211248
727,-81.791324,33.208337
728,-81.785686,33.207822
729,-81.783716,33.208146
739,-81.781299,33.219765
738,-81.781092,33.219237
737,-81.78109,33.219232
740,-81.780947,33.220863
730,-81.780285,33.209366
731,-81.780233,33.209401
741,-81.779593,33.221581
742,-81.779297,33.221554
736,-81.778806,33.216663
732,-81.778714,33.210438
733,-81.777868,33.211727
735,-81.777525,33.214479
734,-81.777522,33.214474
743,-81.773735,33.221047
744,-81.773735,33.221047
745,-81.773345,33.220235
746,-81.773342,33.220228
813,-81.772435,33.180449
812,-81.772435,33.18045
747,-81.772386,33.219602
811,-81.771835,33.181548
748,-81.771815,33.218959
814,-81.771435,33.179049
815,-81.770836,33.178149
816,-81.770835,33.178148
810,-81.770835,33.180849
749,-81.770242,33.218151
817,-81.770138,33.176754
818,-81.770135,33.176749
809,-81.769835,33.179648
819,-81.769453,33.175623
820,-81.769135,33.175099
808,-81.769135,33.178849
750,-81.768878,33.21745
821,-81.768535,33.174249
751,-81.768245,33.216739
752,-81.768244,33.216737
807,-81.768235,33.178249
753,-81.768209,33.216648
828,-81.768135,33.168249
755,-81.768125,33.215708
754,-81.767931,33.215937
827,-81.767762,33.168855
822,-81.767735,33.173149
795,-81.767735,33.184648
796,-81.767676,33.184
829,-81.767638,33.167255
830,-81.767635,33.167249
797,-81.767635,33.183548
756,-81.767589,33.213611
794,-81.767517,33.185258
826,-81.767335,33.169549
793,-81.767235,33.186048
798,-81.767138,33.182455
799,-81.767135,33.182449
823,-81.767038,33.172152
824,-81.767035,33.172148
806,-81.767035,33.177849
825,-81.766735,33.170749
792,-81.766697,33.186856
791,-81.766635,33.186948
790,-81.766598,33.186992
831,-81.766535,33.166449
800,-81.765935,33.181348
805,-81.765835,33.178049
789,-81.765835,33.187898
801,-81.765381,33.180636
802,-81.765238,33.180453
803,-81.765235,33.180449
832,-81.765135,33.165849
804,-81.765035,33.179149
788,-81.764635,33.188198
833,-81.764237,33.16525
834,-81.764235,33.165249
757,-81.764169,33.204687
758,-81.764168,33.204686
836,-81.763835,33.162748
835,-81.763835,33.163949
837,-81.763635,33.161648
759,-81.763475,33.203457
787,-81.763435,33.188248
838,-81.763335,33.160549
839,-81.763168,33.159532
840,-81.763167,33.159529
760,-81.763056,33.202986
761,-81.762973,33.202893
786,-81.762959,33.18835
762,-81.762713,33.202601
763,-81.76237,33.202357
785,-81.762064,33.188541
841,-81.762035,33.158248
784,-81.762035,33.188547
764,-81.761807,33.201957
765,-81.761631,33.201831
766,-81.7615,33.201778
842,-81.761135,33.157649
783,-81.760735,33.189148
782,-81.760596,33.18951
781,-81.760353,33.190142
780,-81.760235,33.190448
843,-81.759992,33.156683
779,-81.759935,33.191848
778,-81.759935,33.193247
844,-81.759835,33.15655
777,-81.759535,33.194747
845,-81.758835,33.15565
776,-81.758622,33.195578
775,-81.758435,33.195748
767,-81.758075,33.200371
846,-81.758035,33.154649
774,-81.757535,33.196848
773,-81.757488,33.196971
772,-81.757461,33.197039
847,-81.757335,33.15385
770,-81.757275,33.198672
768,-81.757213,33.199253
769,-81.75721,33.199248
771,-81.757035,33.198148
848,-81.756135,33.15265
849,-81.755135,33.15155
850,-81.754135,33.15055
851,-81.753235,33.14965
852,-81.752435,33.14885
853,-81.751804,33.148383
854,-81.751765,33.148355
855,-81.751285,33.148
856,-81.749935,33.147283
857,-81.748401,33.146879
858,-81.748368,33.14687
859,-81.747535,33.14665
860,-81.746335,33.14605
861,-81.746335,33.14605
862,-81.746012,33.145403
863,-81.745435,33.14425
864,-81.744538,33.142156
865,-81.744535,33.14215
866,-81.742435,33.14085
867,-81.740835,33.14005
868,-81.739035,33.13935
869,-81.737735,33.13855
870,-81.736635,33.13765
871,-81.735135,33.13665
872,-81.733734,33.135849
873,-81.732334,33.13525
874,-81.731234,33.13465
875,-81.729534,33.13375
876,-81.727934,33.132551
877,-81.726634,33.131351
878,-81.725434,33.130451
879,-81.724334,33.129451
880,-81.723584,33.128451
881,-81.723434,33.128251
882,-81.722534,33.12715
883,-81.721734,33.126451
884,-81.720834,33.125951
885,-81.719934,33.125451
886,-81.718734,33.124901
887,-81.717534,33.124251
888,-81.716434,33.123751
889,-81.715034,33.123251
890,-81.714034,33.122951
891,-81.712934,33.122551
892,-81.711634,33.121951
893,-81.710734,33.12135
894,-81.704634,33.11645
895,-81.703634,33.116251
896,-81.702434,33.116251
897,-81.700634,33.116551
898,-81.699034,33.116751
899,-81.697534,33.11665
900,-81.696434,33.116351
901,-81.695134,33.115951
902,-81.693734,33.115451
903,-81.692134,33.115051
904,-81.690834,33.114651
905,-81.689534,33.114251
906,-81.688134,33.11385
907,-81.687034,33.11345
908,-81.685633,33.113151
909,-81.684333,33.112851
910,-81.682833,33.112551
911,-81.681533,33.112251
912,-81.680133,33.11195
913,-81.678833,33.111451
914,-81.677733,33.110951
915,-81.676533,33.110351
916,-81.675433,33.109751
917,-81.674333,33.10915
918,-81.673333,33.108551
919,-81.672333,33.108051
920,-81.671133,33.107551
921,-81.670033,33.10725
922,-81.669033,33.106951
923,-81.667733,33.106552
924,-81.666333,33.106152
925,-81.665133,33.105852
926,-81.663633,33.105252
927,-81.662333,33.104751
928,-81.661233,33.104252
929,-81.660033,33.103852
930,-81.659033,33.103451
931,-81.657733,33.102752
932,-81.656833,33.102151
933,-81.655633,33.101452
934,-81.654433,33.100451
935,-81.653333,33.099452
936,-81.652433,33.098551
937,-81.651233,33.097651
938,-81.650333,33.097051
939,-81.64999,33.096846
940,-81.649333,33.096452
941,-81.648533,33.095852
942,-81.648272,33.095722
943,-81.647533,33.095352
944,-81.646433,33.094552
945,-81.645433,33.094051
946,-81.644391,33.093457
947,-81.642396,33.093205
948,-81.64028,33.092937
949,-81.639019,33.092778
950,-81.636753,33.093051
951,-81.636727,33.093054
952,-81.623095,33.094695
953,-81.622689,33.094766
954,-81.621532,33.094968
955,-81.618048,33.095577
956,-81.61779,33.095647
957,-81.617084,33.095836
958,-81.615427,33.09542
959,-81.61416,33.095291
980,-81.61323,33.081898
979,-81.612993,33.084025
960,-81.612992,33.094809
981,-81.612919,33.081097
982,-81.612904,33.08108
978,-81.612408,33.084712
983,-81.612034,33.080097
961,-81.611976,33.094554
962,-81.611677,33.094516
977,-81.611158,33.085476
984,-81.610948,33.079959
985,-81.610841,33.079946
986,-81.610816,33.079952
963,-81.61073,33.093574
976,-81.610517,33.085868
987,-81.610493,33.080039
988,-81.610199,33.080118
975,-81.610157,33.086239
964,-81.609735,33.092585
974,-81.609553,33.08686
973,-81.609528,33.086885
965,-81.609482,33.092335
972,-81.609199,33.087224
966,-81.609191,33.091583
989,-81.608746,33.08084
967,-81.608653,33.090199
971,-81.60857,33.088159
970,-81.608469,33.088707
969,-81.608365,33.089275
968,-81.608342,33.089399
990,-81.606644,33.081885
991,-81.606335,33.082039
992,-81.603914,33.08429
993,-81.603574,33.084607
994,-81.603573,33.084608
1017,-81.603307,33.074422
1016,-81.603297,33.075309
1018,-81.602928,33.073993
995,-81.602739,33.086658
996,-81.60255,33.086773
997,-81.602476,33.086819
1019,-81.602283,33.073579
998,-81.602051,33.087078
1015,-81.601967,33.075902
1020,-81.601723,33.073218
1021,-81.601699,33.073203
1022,-81.60168,33.073196
999,-81.601515,33.08701
1014,-81.601344,33.075823
1000,-81.601271,33.086979
1013,-81.601221,33.075807
1001,-81.601156,33.086964
1023,-81.600366,33.072711
1002,-81.600145,33.085821
1024,-81.600127,33.072623
1012,-81.599937,33.076151
1003,-81.599834,33.08502
1025,-81.599242,33.07251
1011,-81.599183,33.076612
1026,-81.599083,33.07249
1010,-81.59881,33.07684
1009,-81.598217,33.077202
1004,-81.596788,33.080827
1008,-81.59675,33.078538
1007,-81.596502,33.079888
1006,-81.596501,33.079893
1005,-81.5965,33.079902
1027,-81.596025,33.072693
1028,-81.594832,33.070566
1029,-81.593586,33.069496
1030,-81.592645,33.06991
1031,-81.592517,33.073062
1032,-81.590111,33.07213
1033,-81.584361,33.069902
1035,-81.583103,33.06496
1034,-81.582975,33.068575
1039,-81.580994,33.062697
1040,-81.580406,33.061997
1041,-81.579994,33.061755
1042,-81.579855,33.061673
1036,-81.57875,33.066195
1043,-81.578364,33.061483
1047,-81.578332,33.058936
1048,-81.578122,33.057774
1037,-81.577187,33.065939
1038,-81.57716,33.064335
1049,-81.577044,33.05725
1044,-81.576635,33.06171
1050,-81.575425,33.057457
1045,-81.574924,33.061934
1046,-81.574107,33.060696
1051,-81.573831,33.058303
1055,-81.573243,33.054903
1052,-81.572829,33.058636
1054,-81.572318,33.055639
1056,-81.571905,33.053987
1053,-81.571309,33.056873
1057,-81.570825,33.054192
1058,-81.568832,33.054009
1059,-81.567643,33.053394
1066,-81.567061,33.059727
1060,-81.5666,33.053386
1061,-81.566577,33.053385
1062,-81.566569,33.05339
1067,-81.566203,33.06086
1088,-81.566183,33.048894
1087,-81.565965,33.049247
1086,-81.565953,33.049254
1089,-81.565569,33.048092
1065,-81.565505,33.058483
1085,-81.565401,33.049592
1090,-81.565343,33.047797
1091,-81.565321,33.047769
1084,-81.564933,33.049877
1092,-81.564644,33.047302
1068,-81.564299,33.06078
1064,-81.563436,33.057505
1093,-81.563388,33.046672
1069,-81.563372,33.060156
1063,-81.563209,33.055566
1070,-81.562885,33.059047
1071,-81.562247,33.0576
1072,-81.561795,33.057399
1083,-81.561469,33.049863
1073,-81.561178,33.057013
1074,-81.560969,33.05691
1094,-81.560892,33.045421
1082,-81.560816,33.04986
1075,-81.560478,33.05667
1081,-81.559998,33.05036
1095,-81.559895,33.044921
1080,-81.559718,33.050531
1079,-81.559441,33.0507
1076,-81.559364,33.055259
1078,-81.559177,33.051301
1096,-81.559108,33.044706
1077,-81.558858,33.053037
1097,-81.556408,33.043969
1098,-81.554606,33.043531
1099,-81.554217,33.043436
1100,-81.554164,33.04343
1101,-81.552761,33.043251
1102,-81.552279,33.043189
1103,-81.552,33.043359
1104,-81.551555,33.043631
1105,-81.550731,33.044134
1106,-81.549757,33.045279
1107,-81.547328,33.048227
1108,-81.547202,33.04838
1109,-81.546969,33.048522
1110,-81.54643,33.048851
1111,-81.54617,33.04901
1112,-81.545722,33.048953
1113,-81.544825,33.048838
1114,-81.543785,33.048706
1115,-81.542706,33.047934
1116,-81.542416,33.047501
1117,-81.542196,33.047174
1118,-81.541868,33.046685
1119,-81.541831,33.045654
1120,-81.540213,33.040763
1121,-81.538951,33.039333
1122,-81.538848,33.039272
1123,-81.538649,33.039156
1124,-81.538125,33.038847
1125,-81.53577,33.038547
1126,-81.53574,33.038543
1127,-81.534094,33.03918
1128,-81.533275,33.039497
1129,-81.532548,33.039941
1130,-81.53104,33.040862
1131,-81.530099,33.040996
1132,-81.528907,33.040843
1136,-81.528882,33.037668
1137,-81.528836,33.036266
1135,-81.528539,33.039
1138,-81.528524,33.035912
1133,-81.528402,33.040271
1134,-81.528344,33.039756
1139,-81.52786,33.03516
1140,-81.527322,33.03455
1141,-81.524706,33.032185
1142,-81.52327,33.031294
1143,-81.521312,33.03008
1144,-81.520325,33.029468
1145,-81.519822,33.029292
1146,-81.519451,33.029163
1163,-81.519075,33.023196
1147,-81.518605,33.028868
1164,-81.518388,33.021592
1165,-81.518385,33.021586
1162,-81.517594,33.023991
1166,-81.516073,33.020833
1148,-81.515773,33.028506
1161,-81.514024,33.023663
1149,-81.514,33.028622
1167,-81.513715,33.020574
1150,-81.513148,33.028678
1151,-81.512127,33.028421
1160,-81.51169,33.024506
1152,-81.511658,33.027944
1183,-81.51147,33.01133
1182,-81.511413,33.012014
1181,-81.511365,33.012587
1294,-81.511347,32.966721
1180,-81.511344,33.012837
1168,-81.511334,33.021465
1159,-81.511187,33.025098
1293,-81.511156,32.967989
1153,-81.511113,33.02739
1154,-81.510844,33.027116
1155,-81.510843,33.027114
1184,-81.510839,33.010615
1295,-81.510838,32.964654
1158,-81.510819,33.025588
1185,-81.510811,33.010598
1296,-81.510711,32.964043
1157,-81.51071,33.026179
1179,-81.510641,33.013396
1156,-81.510636,33.02658
1169,-81.510583,33.021299
1297,-81.510221,32.961925
1298,-81.510213,32.961724
1170,-81.510154,33.020934
1292,-81.51015,32.968991
1299,-81.510144,32.960067
1186,-81.510044,33.010147
1300,-81.510042,32.957605
1171,-81.51003,33.020778
1301,-81.510025,32.957204
1187,-81.510014,33.010129
1188,-81.509989,33.010132
1302,-81.509745,32.956415
1178,-81.509556,33.014258
1172,-81.509041,33.019523
1177,-81.508947,33.015034
1291,-81.508839,32.969368
1189,-81.508782,33.010304
1190,-81.508604,33.010329
1176,-81.508559,33.015527
1191,-81.508462,33.01043
1303,-81.508421,32.952683
1175,-81.50832,33.0164
1173,-81.50825,33.018026
1174,-81.508089,33.017244
1192,-81.508071,33.01071
1290,-81.507847,32.968854
1288,-81.507765,32.966605
1289,-81.507762,32.967661
1193,-81.507549,33.011083
1194,-81.507465,33.011464
1287,-81.507166,32.965089
1286,-81.506899,32.965054
1195,-81.506859,33.014188
1196,-81.506659,33.01509
1197,-81.506644,33.015155
1198,-81.506055,33.015636
1199,-81.505629,33.015983
1200,-81.505567,33.016033
1201,-81.504776,33.016186
1304,-81.504724,32.948729
1202,-81.504587,33.016161
1285,-81.504576,32.963427
1305,-81.503838,32.947781
1284,-81.503795,32.96288
1203,-81.503686,33.016046
1204,-81.503286,33.015995
1306,-81.502888,32.947152
1321,-81.502623,32.936202
1320,-81.502577,32.93645
1315,-81.50252,32.939235
1319,-81.502512,32.937467
1318,-81.502512,32.937473
1283,-81.502509,32.962814
1316,-81.502475,32.939118
1317,-81.502417,32.938968
1282,-81.502374,32.962807
1322,-81.502289,32.935497
1281,-81.502133,32.962794
1314,-81.501948,32.940685
1205,-81.501933,33.01506
1280,-81.5019,32.962857
1323,-81.501855,32.93458
1324,-81.501411,32.934075
1206,-81.501399,33.014398
1325,-81.501225,32.933865
1279,-81.5011,32.963071
1278,-81.50085,32.963138
1239,-81.500594,33.001902
1238,-81.500566,33.002211
1207,-81.500549,33.013345
1237,-81.500487,33.003072
1236,-81.500247,33.003549
1307,-81.50023,32.945726
1308,-81.500133,32.945674
1309,-81.500052,32.945582
1208,-81.499999,33.012664
1313,-81.499932,32.943346
1235,-81.499913,33.003981
1277,-81.499819,32.963767
1234,-81.499805,33.004121
1310,-81.49977,32.945262
1240,-81.499763,33.000662
1312,-81.499637,32.944947
1311,-81.499612,32.945082
1276,-81.499602,32.96412
1233,-81.499445,33.004589
1275,-81.49942,32.964818
1274,-81.49912,32.965973
1209,-81.499078,33.011522
1273,-81.499007,32.966409
1232,-81.498943,33.004895
1326,-81.498901,32.932425
1210,-81.498773,33.01143
1241,-81.498766,33.000155
1272,-81.498548,32.968174
1231,-81.498537,33.005143
1271,-81.498479,32.970196
1270,-81.498438,32.97042
1230,-81.498413,33.005218
1211,-81.498356,33.011303
1269,-81.49809,32.972304
1268,-81.49791,32.972699
1212,-81.497693,33.010799
1229,-81.497427,33.0056
1267,-81.497418,32.973773
1242,-81.497369,32.999758
1266,-81.497323,32.973983
1228,-81.497306,33.005584
1265,-81.497236,32.974104
1213,-81.497152,33.010387
1214,-81.496752,33.010286
1253,-81.49642,32.989615
1227,-81.496235,33.005447
1263,-81.496225,32.976042
1252,-81.496138,32.990913
1264,-81.496085,32.975728
1254,-81.495996,32.988295
1327,-81.495774,32.932024
1243,-81.495707,32.999465
1257,-81.495504,32.983534
1258,-81.495499,32.981785
1262,-81.495495,32.977562
1215,-81.495463,33.009961
1216,-81.495112,33.009872
1251,-81.495034,32.991723
1328,-81.494801,32.931519
1259,-81.494798,32.980586
1217,-81.494793,33.009832
1260,-81.494756,32.979508
1261,-81.494736,32.978997
1256,-81.494345,32.985084
1255,-81.494329,32.98626
1244,-81.494246,32.999267
1226,-81.494035,33.0058
1250,-81.493442,32.992427
1225,-81.4929,33.006162
1245,-81.492737,32.999108
1329,-81.492476,32.928428
1218,-81.49243,33.009529
1219,-81.492289,33.009348
1249,-81.492252,32.99351
1220,-81.492082,33.009082
1224,-81.491524,33.007002
1246,-81.491495,32.998572
1223,-81.491472,33.007816
1330,-81.491457,32.928171
1248,-81.491457,32.995437
1222,-81.491453,33.008128
1221,-81.491444,33.008261
1247,-81.491222,32.996744
1331,-81.48966,32.927179
1332,-81.488434,32.926387
1345,-81.487863,32.916286
1346,-81.487656,32.915751
1344,-81.487656,32.917402
1343,-81.487313,32.917635
1347,-81.487258,32.915365
1348,-81.486752,32.914874
1342,-81.486752,32.918017
1341,-81.486088,32.91847
1349,-81.485799,32.914379
1350,-81.485779,32.914368
1340,-81.485469,32.918517
1351,-81.484588,32.914215
1333,-81.484278,32.923315
1339,-81.484084,32.919364
1338,-81.483924,32.919462
1337,-81.483294,32.920396
1336,-81.483292,32.920565
1335,-81.483274,32.921887
1334,-81.483271,32.922171
1352,-81.483054,32.914273
1353,-81.482661,32.914425
1354,-81.482069,32.914654
1365,-81.481692,32.909274
1364,-81.481486,32.91039
1363,-81.481053,32.910731
1355,-81.481028,32.91452
1377,-81.480996,32.899029
1376,-81.480852,32.899809
1375,-81.480835,32.899897
1378,-81.480817,32.89875
1366,-81.480754,32.907757
1356,-81.480685,32.914188
1367,-81.480671,32.907663
1379,-81.480653,32.898495
1357,-81.480289,32.913804
1380,-81.480286,32.897923
1362,-81.480238,32.911372
1374,-81.480183,32.900956
1358,-81.480123,32.913643
1361,-81.480018,32.912564
1360,-81.479988,32.912728
1359,-81.479917,32.913108
1381,-81.479588,32.897579
1422,-81.479522,32.881449
1368,-81.479495,32.906326
1421,-81.479339,32.882441
1369,-81.479195,32.905652
1370,-81.479184,32.905626
1373,-81.479072,32.902845
1371,-81.478957,32.905115
1423,-81.478916,32.880609
1372,-81.478843,32.904085
1424,-81.478709,32.880418
1425,-81.478457,32.880186
1420,-81.477448,32.886578
1419,-81.477316,32.886867
1418,-81.477037,32.887477
1417,-81.476843,32.887706
1382,-81.476574,32.897192
1383,-81.476017,32.897121
1426,-81.475403,32.877365
1416,-81.475298,32.88865
1384,-81.474984,32.896406
1385,-81.474666,32.896186
1427,-81.473961,32.876926
1428,-81.473735,32.877064
1429,-81.473618,32.877136
1386,-81.47303,32.894325
1387,-81.472624,32.894234
1430,-81.472405,32.877107
1415,-81.472288,32.890075
1393,-81.47185,32.898236
1388,-81.471714,32.894029
1392,-81.471676,32.897882
1394,-81.471655,32.900115
1414,-81.471534,32.890433
1431,-81.471364,32.876973
1395,-81.471266,32.900573
1389,-81.470964,32.894487
1396,-81.47088,32.900777
1390,-81.470683,32.894659
1397,-81.470617,32.900917
1391,-81.470523,32.895527
1432,-81.470391,32.876468
1413,-81.470245,32.890386
1398,-81.469915,32.901288
1433,-81.469495,32.876421
1412,-81.468823,32.889785
1434,-81.468732,32.876381
1435,-81.468424,32.876608
1406,-81.468229,32.892346
1407,-81.468227,32.891647
1436,-81.467964,32.876947
1437,-81.46785,32.87703
1405,-81.467845,32.893533
1399,-81.467683,32.901002
1438,-81.46761,32.877507
1439,-81.467537,32.878424
1408,-81.46751,32.890842
1440,-81.46738,32.880397
1411,-81.467104,32.888999
1441,-81.466901,32.880645
1409,-81.466546,32.890362
1442,-81.46636,32.880925
1443,-81.466201,32.881007
1410,-81.465933,32.889452
1404,-81.465784,32.894791
1444,-81.465394,32.880904
1400,-81.465211,32.899542
1445,-81.464992,32.880852
1446,-81.464714,32.880816
1401,-81.464078,32.898254
1403,-81.463998,32.896212
1402,-81.463872,32.897719
1447,-81.462277,32.878345
1448,-81.461031,32.876027
1449,-81.460101,32.875078
1450,-81.459749,32.874719
1451,-81.458651,32.87407
1452,-81.458555,32.874058
1468,-81.457403,32.851185
1467,-81.457151,32.852549
1453,-81.456786,32.873831
1454,-81.456569,32.873803
1455,-81.456362,32.873865
1466,-81.456286,32.854264
1469,-81.456067,32.847114
1470,-81.455358,32.844955
1465,-81.455227,32.856364
1471,-81.454902,32.844436
1456,-81.454795,32.874336
1472,-81.454729,32.844239
1464,-81.453921,32.858481
1457,-81.453753,32.874202
1463,-81.452754,32.859855
1458,-81.452747,32.873057
1473,-81.452648,32.843971
1459,-81.452279,32.871474
1474,-81.451766,32.84462
1475,-81.451747,32.844762
1460,-81.451479,32.869212
1476,-81.451342,32.847739
1462,-81.45132,32.86678
1461,-81.45117,32.868411
1477,-81.450929,32.848321
1478,-81.449556,32.84916
1479,-81.44594,32.850599
1480,-81.44538,32.850707
1481,-81.444517,32.850873
1482,-81.444362,32.850903
1483,-81.443321,32.850769
1489,-81.443026,32.84578
1484,-81.442805,32.850183
1485,-81.442643,32.849998
1488,-81.442334,32.8488
1486,-81.442315,32.849624
1487,-81.442235,32.849233
1490,-81.441141,32.841982
1491,-81.440056,32.840446
1492,-81.439358,32.840102
1493,-81.438169,32.839949
1494,-81.437463,32.840444
1495,-81.436944,32.840807
1496,-81.435765,32.843067
1497,-81.434586,32.843677
1498,-81.433954,32.843634
1499,-81.433435,32.843598
1500,-81.432481,32.843533
1626,-81.432298,32.769738
1625,-81.432045,32.771103
1627,-81.431975,32.769314
1628,-81.431568,32.768779
1624,-81.431513,32.771484
1623,-81.431512,32.771484
1629,-81.431442,32.768612
1501,-81.431302,32.842542
1595,-81.431178,32.784831
1596,-81.431133,32.783429
1622,-81.430993,32.771856
1630,-81.430619,32.768125
1597,-81.430491,32.782576
1594,-81.430491,32.785251
1621,-81.430182,32.772132
1593,-81.430141,32.785175
1592,-81.429749,32.785091
1502,-81.429714,32.841209
1598,-81.429594,32.781384
1599,-81.429546,32.781319
1591,-81.429029,32.784935
1549,-81.428364,32.800848
1631,-81.428266,32.767694
1548,-81.428226,32.801592
1550,-81.428182,32.80019
1600,-81.428095,32.780116
1576,-81.427781,32.787568
1551,-81.427679,32.799617
1575,-81.427643,32.788312
1590,-81.427574,32.783503
1574,-81.427277,32.788645
1771,-81.427132,32.701515
1589,-81.427099,32.783035
1577,-81.42705,32.786584
1770,-81.427035,32.702813
1769,-81.427028,32.702898
1573,-81.426964,32.788822
1552,-81.426895,32.79928
1547,-81.426877,32.802307
1553,-81.426833,32.799254
1554,-81.426788,32.799202
1601,-81.426599,32.779162
1772,-81.426547,32.700847
1773,-81.426505,32.700799
1759,-81.426458,32.709017
1555,-81.426289,32.798634
1546,-81.426175,32.802191
1588,-81.426104,32.782653
1768,-81.426057,32.704043
1545,-81.426016,32.802165
1632,-81.425968,32.767779
1758,-81.425927,32.710037
1578,-81.425907,32.786183
1620,-81.425876,32.772462
1556,-81.425828,32.798109
1774,-81.425763,32.700703
1557,-81.425623,32.797574
1558,-81.425608,32.796528
1559,-81.425591,32.795285
1602,-81.425456,32.77876
1775,-81.425364,32.700759
1767,-81.425356,32.704544
1512,-81.425291,32.824831
1560,-81.42525,32.794602
1529,-81.425144,32.809194
1513,-81.425135,32.824583
1530,-81.4251,32.807792
1633,-81.42507,32.768056
1766,-81.425006,32.704796
1572,-81.424898,32.789989
1760,-81.424883,32.708315
1561,-81.424876,32.794172
1757,-81.424852,32.709983
1765,-81.424782,32.705112
1587,-81.424767,32.782481
1511,-81.424706,32.827168
1531,-81.424626,32.806559
1532,-81.424484,32.806189
1544,-81.424433,32.801904
1764,-81.424402,32.705649
1528,-81.42432,32.810358
1510,-81.424271,32.827873
1763,-81.424182,32.705959
1762,-81.424175,32.706103
1571,-81.424143,32.790781
1570,-81.424115,32.790931
1562,-81.42411,32.794134
1761,-81.424099,32.70756
1533,-81.424026,32.805605
1634,-81.423982,32.768391
1534,-81.423934,32.805487
1527,-81.423933,32.810594
1756,-81.423827,32.709702
1635,-81.423765,32.768458
1586,-81.423487,32.782823
1776,-81.423422,32.701035
1579,-81.423398,32.786052
1619,-81.423393,32.772653
1535,-81.423376,32.804776
1569,-81.42336,32.79144
1543,-81.423333,32.801723
1526,-81.423291,32.810987
1536,-81.423168,32.804687
1603,-81.423079,32.778453
1636,-81.423065,32.768674
1542,-81.423013,32.801809
1503,-81.423011,32.834614
1563,-81.42298,32.793998
1537,-81.422953,32.804594
1525,-81.422886,32.811095
1585,-81.422801,32.783243
1541,-81.422779,32.801988
1540,-81.42272,32.802033
1580,-81.422592,32.786009
1514,-81.422387,32.820239
1539,-81.422304,32.802352
1777,-81.422234,32.700882
1515,-81.422231,32.819992
1568,-81.4222,32.791867
1584,-81.422171,32.784177
1583,-81.422158,32.784377
1755,-81.422152,32.709742
1582,-81.422131,32.784797
1538,-81.42212,32.803344
1581,-81.42209,32.785437
1509,-81.422085,32.828988
1524,-81.42201,32.811329
1564,-81.421919,32.794193
1508,-81.421916,32.829219
1504,-81.421881,32.832283
1516,-81.421728,32.819419
1637,-81.42158,32.768482
1754,-81.421404,32.710299
1753,-81.421369,32.711311
1778,-81.421241,32.7005
1507,-81.421203,32.830193
1517,-81.421202,32.81897
1752,-81.421128,32.711787
1505,-81.421079,32.830412
1506,-81.421066,32.83038
1567,-81.420812,32.792299
1523,-81.420785,32.812187
1565,-81.420781,32.794475
1604,-81.420759,32.778662
1638,-81.420654,32.768098
1738,-81.420276,32.719678
1751,-81.420175,32.712371
1750,-81.4201,32.712417
1737,-81.420092,32.72067
1749,-81.420067,32.712412
1779,-81.420066,32.699459
1676,-81.419757,32.74958
1566,-81.419689,32.793782
1675,-81.419688,32.749955
1674,-81.419593,32.75047
1673,-81.419573,32.750572
1739,-81.419546,32.718695
1677,-81.419499,32.749193
1672,-81.419474,32.750713
1736,-81.419338,32.721462
1780,-81.419315,32.696949
1618,-81.418993,32.772593
1678,-81.418967,32.748393
1679,-81.418924,32.74833
1644,-81.418901,32.761132
1735,-81.418855,32.721757
1522,-81.418748,32.814972
1671,-81.418711,32.75179
1900,-81.418694,32.631197
1901,-81.418675,32.63016
1605,-81.418667,32.779281
1902,-81.41866,32.629392
1521,-81.418596,32.815512
1898,-81.41859,32.633761
1520,-81.418502,32.815844
1899,-81.418483,32.632761
1639,-81.418472,32.767192
1781,-81.418435,32.695944
1680,-81.418399,32.747881
1518,-81.418355,32.81873
1617,-81.418353,32.772764
1670,-81.418338,32.752318
1782,-81.418311,32.695803
1718,-81.4183,32.731995
1606,-81.418178,32.779507
1897,-81.418171,32.635154
1783,-81.418133,32.695763
1719,-81.418118,32.730747
1903,-81.418116,32.628349
1643,-81.418009,32.76253
1681,-81.417918,32.74785
1717,-81.417865,32.732701
1519,-81.417853,32.818157
1722,-81.417852,32.725384
1645,-81.417766,32.760222
1895,-81.417763,32.635532
1682,-81.417736,32.747839
1896,-81.417717,32.635544
1616,-81.417657,32.773189
1669,-81.417652,32.752737
1720,-81.417585,32.727103
1894,-81.417572,32.635668
1721,-81.417562,32.726947
1734,-81.417553,32.72197
1716,-81.417475,32.732939
1904,-81.417381,32.627392
1642,-81.417356,32.763334
1615,-81.417322,32.773394
1723,-81.41721,32.724653
1715,-81.417179,32.73312
1607,-81.417169,32.779976
1748,-81.417131,32.712033
1784,-81.417106,32.695531
1640,-81.417086,32.766033
1740,-81.41708,32.717233
1785,-81.416999,32.695506
1614,-81.416981,32.773603
1786,-81.416914,32.69552
1641,-81.416837,32.764657
1646,-81.416627,32.760537
1608,-81.416552,32.780023
1683,-81.416446,32.747756
1905,-81.416255,32.626654
1741,-81.416221,32.716252
1747,-81.416195,32.712166
1714,-81.41614,32.732986
1668,-81.415754,32.753191
1746,-81.41568,32.71248
1724,-81.415591,32.723531
1893,-81.415566,32.637091
1742,-81.415565,32.715503
1609,-81.415386,32.779746
1647,-81.415302,32.762735
1787,-81.415274,32.695791
1733,-81.415271,32.721707
1610,-81.41526,32.779603
1906,-81.415213,32.626164
1788,-81.415126,32.695741
1745,-81.41512,32.713043
1743,-81.415073,32.714942
1713,-81.414945,32.73221
1712,-81.414919,32.732193
1711,-81.414906,32.732191
1744,-81.414891,32.714283
1892,-81.414761,32.637439
1613,-81.414691,32.777751
1612,-81.41468,32.777964
1611,-81.414633,32.778887
1648,-81.414628,32.764184
1684,-81.414503,32.748394
1658,-81.414113,32.756014
1657,-81.414091,32.75612
1710,-81.414068,32.732083
1907,-81.413956,32.625174
1725,-81.413766,32.72319
1667,-81.413714,32.752833
1732,-81.413568,32.721618
1701,-81.413498,32.736581
1700,-81.413493,32.736647
1789,-81.413477,32.695181
1659,-81.413456,32.754997
1709,-81.413434,32.732001
1702,-81.41343,32.736508
1891,-81.413411,32.637368
1699,-81.413394,32.737964
1649,-81.41325,32.764609
1698,-81.413176,32.738317
1790,-81.413056,32.693953
1911,-81.412966,32.620401
1656,-81.41287,32.75885
1791,-81.412864,32.692791
1708,-81.412794,32.732172
1908,-81.412619,32.623865
1650,-81.412575,32.764176
1731,-81.412552,32.721386
1890,-81.412529,32.635799
1910,-81.412515,32.621567
1872,-81.412511,32.640657
1873,-81.412503,32.64049
1726,-81.412414,32.723255
1871,-81.412385,32.640806
1909,-81.412349,32.622714
1697,-81.412319,32.738841
1660,-81.412262,32.754691
1655,-81.412256,32.760906
1889,-81.412157,32.634628
1685,-81.412137,32.74885
1651,-81.412071,32.763717
1654,-81.412067,32.76154
1912,-81.411906,32.618409
1653,-81.41189,32.762494
1874,-81.411827,32.639383
1792,-81.411804,32.692044
1707,-81.411742,32.732925
1652,-81.411723,32.7634
1706,-81.411683,32.733247
1705,-81.411659,32.733378
1703,-81.411592,32.734557
1666,-81.411568,32.753117
1888,-81.411523,32.632907
1704,-81.411513,32.734166
1727,-81.411328,32.723433
1796,-81.411196,32.695821
1661,-81.411117,32.754852
1730,-81.410916,32.721207
1887,-81.410912,32.63196
1797,-81.410875,32.69686
1795,-81.410776,32.694739
1794,-81.410732,32.69431
1793,-81.410545,32.692512
1913,-81.410484,32.617406
1665,-81.410215,32.753726
1728,-81.410074,32.723096
1875,-81.410053,32.638784
1729,-81.409988,32.721863
1798,-81.409618,32.697046
1662,-81.409492,32.75574
1886,-81.40933,32.631096
1914,-81.409263,32.617356
1664,-81.408849,32.755038
1799,-81.408723,32.695815
1663,-81.408562,32.75663
1800,-81.408322,32.69466
1885,-81.408197,32.631307
1876,-81.408144,32.638547
1696,-81.408057,32.739687
1801,-81.408017,32.693424
1686,-81.407647,32.749286
1915,-81.407517,32.616583
1844,-81.4073,32.66156
1884,-81.407271,32.631737
1845,-81.407193,32.660519
1916,-81.407107,32.615301
1917,-81.406897,32.613968
1802,-81.406824,32.691586
1810,-81.406734,32.685289
1809,-81.406712,32.685408
1846,-81.406708,32.65925
1811,-81.406688,32.685243
1843,-81.406567,32.66254
1808,-81.406481,32.686653
1918,-81.406464,32.613042
1870,-81.406417,32.64249
1847,-81.406326,32.658152
1687,-81.406155,32.749093
1695,-81.406125,32.741089
1883,-81.406113,32.632843
1848,-81.405858,32.657148
1807,-81.40583,32.687712
1803,-81.405801,32.690009
1919,-81.405776,32.612248
1806,-81.405722,32.688696
1688,-81.405716,32.749036
1805,-81.405714,32.688768
1877,-81.405711,32.638315
1804,-81.40561,32.689716
1689,-81.405586,32.748887
1812,-81.405582,32.684124
1694,-81.405496,32.742023
1690,-81.405202,32.74845
1693,-81.405054,32.744957
1869,-81.405024,32.642883
1882,-81.404884,32.634521
1813,-81.404828,32.683858
1692,-81.40476,32.745992
1691,-81.404712,32.74789
1920,-81.404673,32.611201
1849,-81.404552,32.656295
1842,-81.404505,32.66264
1878,-81.404238,32.638258
1868,-81.404175,32.643122
1814,-81.404136,32.683615
1822,-81.404128,32.668187
1867,-81.404053,32.643157
1821,-81.404,32.669695
1825,-81.403992,32.667281
1824,-81.403975,32.66737
1823,-81.403946,32.667529
1815,-81.403871,32.683521
1866,-81.403863,32.643267
1841,-81.40384,32.66124
1881,-81.403621,32.635562
1826,-81.403498,32.666716
1850,-81.403269,32.656157
1840,-81.403254,32.659464
1879,-81.403234,32.637704
1880,-81.402846,32.63621
1820,-81.402695,32.673463
1827,-81.402612,32.665705
1921,-81.402564,32.609695
1816,-81.402445,32.682194
1839,-81.402327,32.658797
1865,-81.402133,32.64427
1851,-81.401879,32.656449
1838,-81.401245,32.658572
1819,-81.401036,32.676677
1817,-81.400844,32.679764
1852,-81.400792,32.656829
1818,-81.400692,32.678538
1864,-81.400651,32.645129
1922,-81.400427,32.608263
1828,-81.400024,32.6641
1837,-81.399493,32.65878
1853,-81.399432,32.656813
1854,-81.398934,32.656588
1836,-81.398468,32.659394
1923,-81.398076,32.606433
1924,-81.398038,32.606403
1855,-81.39799,32.656216
1829,-81.397788,32.663048
1835,-81.397514,32.660213
1834,-81.39738,32.660328
1830,-81.397286,32.662475
1833,-81.397233,32.661122
1832,-81.397174,32.661441
1831,-81.397059,32.662065
1925,-81.397025,32.605581
1926,-81.395572,32.6041
1856,-81.395005,32.654158
1863,-81.394712,32.649314
1857,-81.394183,32.653591
1927,-81.393765,32.602331
1858,-81.39368,32.653244
1859,-81.393425,32.652907
1860,-81.393254,32.652683
1862,-81.393079,32.650753
1861,-81.392826,32.652118
1928,-81.392527,32.600444
1929,-81.391901,32.599478
1930,-81.391172,32.598354
1931,-81.39005,32.596601
1932,-81.389205,32.595416
1933,-81.388358,32.594849
1934,-81.384956,32.592125
1935,-81.381248,32.589851
1936,-81.380248,32.589325
1937,-81.378883,32.588912
1938,-81.377753,32.588814
1939,-81.376579,32.589008
1940,-81.375694,32.589474
1941,-81.374808,32.590595
1942,-81.374145,32.591583
1943,-81.373145,32.592094
1944,-81.371314,32.591804
1949,-81.370284,32.5867
1950,-81.370094,32.585442
1948,-81.369987,32.587696
1945,-81.369826,32.591175
1947,-81.369292,32.588821
1946,-81.369086,32.590431
1951,-81.369018,32.584457
1952,-81.367873,32.584156
1963,-81.367332,32.577957
1964,-81.366895,32.576994
1962,-81.366817,32.578919
1965,-81.36642,32.576814
1953,-81.366409,32.584164
1966,-81.365943,32.576633
1954,-81.365264,32.584192
1961,-81.365119,32.580063
1955,-81.365063,32.584136
1967,-81.3646,32.576599
1956,-81.364204,32.5839
1960,-81.364196,32.580837
1959,-81.36377,32.581512
1958,-81.363593,32.581791
1957,-81.363586,32.582977
1968,-81.363494,32.576908
1969,-81.36235,32.577854
1970,-81.361388,32.579121
1971,-81.360882,32.580373
1972,-81.360503,32.58131
1973,-81.359763,32.58205
1974,-81.358749,32.582285
1986,-81.358417,32.574001
1985,-81.357803,32.57519
1975,-81.357749,32.582119
1987,-81.357131,32.572647
1976,-81.356742,32.581444
1984,-81.356628,32.575905
1977,-81.356467,32.58126
1988,-81.355812,32.571528
1978,-81.355567,32.580748
1983,-81.355102,32.576725
1989,-81.354797,32.571072
1979,-81.354621,32.580315
1982,-81.35406,32.577502
1980,-81.353751,32.579472
1981,-81.353484,32.57848
1990,-81.352805,32.570628
1991,-81.351714,32.570431
1992,-81.348487,32.569332
1993,-81.346069,32.568272
1994,-81.344558,32.567684
1995,-81.340163,32.565773
1996,-81.338645,32.565147
1997,-81.336242,32.564239
1998,-81.33422,32.563858
1999,-81.33319,32.563499
2000,-81.332099,32.562935
2001,-81.330779,32.562351
2002,-81.328605,32.561092
2003,-81.32839,32.561029
2004,-81.327026,32.560626
2005,-81.324973,32.560223
2006,-81.322806,32.559662
2007,-81.321807,32.55954
2008,-81.319602,32.559562
2009,-81.318198,32.559753
2010,-81.316955,32.55999
2011,-81.314582,32.560451
2012,-81.306571,32.561211
2013,-81.305236,32.561515
2014,-81.303908,32.561999
2015,-81.302637,32.562352
2016,-81.301055,32.56271
2017,-81.299796,32.563049
2018,-81.299061,32.563069
2019,-81.298789,32.563076
2031,-81.298007,32.554367
2030,-81.297942,32.55476
2029,-81.297733,32.556036
2028,-81.297687,32.556313
2020,-81.297652,32.562931
2032,-81.297282,32.553601
2033,-81.297014,32.553539
2027,-81.29676,32.557307
2021,-81.296676,32.562503
2034,-81.296165,32.553345
2026,-81.296104,32.558147
2025,-81.295655,32.559049
2022,-81.295608,32.561539
2024,-81.29557,32.559219
2023,-81.29528,32.560383
2035,-81.294829,32.553581
2036,-81.293671,32.554134
2043,-81.293441,32.561454
2037,-81.292937,32.554485
2044,-81.292876,32.562561
2042,-81.292014,32.559704
2038,-81.291762,32.555328
2045,-81.291694,32.562759
2041,-81.291483,32.558837
2040,-81.291206,32.557837
2039,-81.29119,32.556644
2046,-81.290626,32.562534
2054,-81.289846,32.551955
2055,-81.289759,32.551873
2053,-81.289728,32.552277
2047,-81.289573,32.56174
2056,-81.28934,32.551474
2057,-81.289072,32.551219
2052,-81.289016,32.554219
2058,-81.288876,32.551208
2048,-81.28881,32.560032
2051,-81.28852,32.555298
2049,-81.288467,32.558456
2050,-81.288296,32.556737
2059,-81.287748,32.551147
2060,-81.28742,32.55113
2061,-81.287377,32.551151
2062,-81.285583,32.552033
2063,-81.284844,32.552827
2064,-81.284634,32.553053
2065,-81.28447,32.553935
2066,-81.284331,32.554678
2067,-81.284076,32.556048
2068,-81.284033,32.556277
2069,-81.283691,32.556487
2070,-81.283504,32.55657
2071,-81.283107,32.556747
2072,-81.283029,32.556781
2073,-81.281237,32.556348
2084,-81.280908,32.548627
2085,-81.280751,32.547844
2083,-81.280723,32.549619
2074,-81.28058,32.55608
2075,-81.28039,32.555862
2076,-81.279456,32.55479
2086,-81.27927,32.546434
2087,-81.279205,32.546371
2082,-81.279186,32.551427
2081,-81.279084,32.551547
2080,-81.278974,32.551677
2079,-81.278957,32.55177
2077,-81.2789,32.5537
2078,-81.278719,32.553042
2088,-81.278066,32.545968
2099,-81.276806,32.535639
2098,-81.276686,32.53791
2100,-81.276236,32.534984
2101,-81.276182,32.534922
2089,-81.275924,32.545688
2097,-81.2759,32.538994
2090,-81.275697,32.545658
2091,-81.275464,32.54535
2096,-81.275257,32.539883
2092,-81.275057,32.544812
2093,-81.274845,32.54453
2095,-81.2748,32.542329
2094,-81.274748,32.542612
2102,-81.274202,32.533897
2103,-81.267497,32.530426
2104,-81.267398,32.530367
2105,-81.267393,32.530364
2106,-81.261645,32.526937
2107,-81.26164,32.526934
2108,-81.249036,32.519418
2109,-81.247282,32.518373
2110,-81.247132,32.518283
2111,-81.245434,32.518442
2112,-81.242303,32.518078
2131,-81.238744,32.508796
2132,-81.238703,32.507393
2130,-81.238341,32.510141
2133,-81.237991,32.505521
2134,-81.237739,32.505231
2135,-81.237242,32.50466
2113,-81.236993,32.517461
2114,-81.236973,32.517459
2129,-81.236754,32.511331
2128,-81.235969,32.511597
2127,-81.235944,32.511606
2126,-81.23577,32.511593
2136,-81.235161,32.503624
2115,-81.234753,32.517168
2137,-81.234245,32.502706
2138,-81.234139,32.502601
2139,-81.233857,32.501674
2140,-81.233833,32.500191
2141,-81.233816,32.499152
2142,-81.233815,32.499063
2125,-81.2337,32.511438
2143,-81.233596,32.498834
2116,-81.23349,32.516621
2124,-81.233145,32.511732
2117,-81.232807,32.515715
2118,-81.232639,32.515492
2123,-81.232481,32.512084
2144,-81.232356,32.497538
2122,-81.232354,32.512151
2121,-81.23231,32.512561
2120,-81.232206,32.51354
2119,-81.232154,32.514031
2145,-81.22955,32.495517
2146,-81.225877,32.492446
2147,-81.225318,32.491979
2148,-81.225223,32.491899
2149,-81.225076,32.491753
2150,-81.223305,32.489995
2151,-81.220751,32.487058
2152,-81.217316,32.483108
2153,-81.213715,32.480474
2154,-81.212411,32.479316
2238,-81.208238,32.436035
2239,-81.208208,32.43595
2155,-81.207993,32.475394
2237,-81.207983,32.437399
2236,-81.207641,32.437608
2240,-81.207481,32.43386
2241,-81.207467,32.433822
2242,-81.207449,32.43377
2243,-81.207435,32.433732
2156,-81.206826,32.474357
2235,-81.206684,32.437863
2211,-81.206445,32.447237
2244,-81.206372,32.430929
2234,-81.206327,32.437971
2210,-81.206268,32.448993
2157,-81.20626,32.473707
2209,-81.206193,32.44923
2245,-81.205928,32.429757
2208,-81.20571,32.450762
2207,-81.205439,32.450917
2212,-81.205426,32.446359
2233,-81.205417,32.438244
2213,-81.205401,32.446337
2246,-81.205396,32.428099
2249,-81.205357,32.42714
2254,-81.205337,32.423197
2158,-81.205329,32.472635
2253,-81.205279,32.42363
2214,-81.205262,32.446327
2255,-81.205203,32.423064
2248,-81.205201,32.427323
2247,-81.205162,32.427368
2250,-81.205103,32.426847
2251,-81.204983,32.426709
2252,-81.204951,32.42607
2232,-81.204918,32.438394
2256,-81.204862,32.422724
2159,-81.204365,32.471828
2215,-81.203808,32.446224
2216,-81.203308,32.446189
2217,-81.203106,32.446267
2206,-81.202987,32.452319
2205,-81.202909,32.452364
2218,-81.202817,32.446378
2257,-81.202655,32.420522
2204,-81.202645,32.45206
2203,-81.202411,32.45179
2202,-81.202403,32.451785
2258,-81.202401,32.420268
2259,-81.202315,32.42017
2219,-81.201819,32.446247
2231,-81.201566,32.440113
2220,-81.201339,32.446183
2221,-81.200396,32.445551
2230,-81.200368,32.440845
2229,-81.200192,32.441052
2222,-81.199743,32.444799
2223,-81.199648,32.44469
2228,-81.199591,32.441759
2160,-81.199563,32.46781
2224,-81.199496,32.444036
2227,-81.199339,32.443106
2225,-81.199338,32.443359
2226,-81.199312,32.443248
2260,-81.198163,32.415389
2198,-81.198139,32.452752
2197,-81.197994,32.453217
2196,-81.197851,32.453677
2195,-81.197759,32.453973
2201,-81.197704,32.449079
2199,-81.197697,32.449118
2200,-81.197691,32.449071
2194,-81.197549,32.454081
2261,-81.196925,32.413851
2193,-81.196584,32.454581
2192,-81.195907,32.454492
2191,-81.195844,32.454484
2190,-81.195692,32.454406
2161,-81.195479,32.465489
2262,-81.195371,32.411919
2189,-81.194948,32.454027
2162,-81.194905,32.465163
2263,-81.194845,32.411266
2163,-81.194689,32.465125
2180,-81.193886,32.457657
2188,-81.193844,32.453464
2179,-81.193756,32.459156
2178,-81.193755,32.459165
2177,-81.193654,32.459284
2176,-81.193561,32.459394
2187,-81.193493,32.453284
2186,-81.193239,32.453352
2175,-81.192987,32.459744
2174,-81.192705,32.459916
2185,-81.192685,32.4535
2184,-81.192535,32.453539
2183,-81.192489,32.453619
2164,-81.192118,32.464669
2182,-81.19191,32.454614
2264,-81.19166,32.408487
2181,-81.191642,32.455074
2265,-81.191069,32.407972
2173,-81.190292,32.460359
2172,-81.18988,32.460434
2165,-81.189606,32.465021
2166,-81.189089,32.465094
2167,-81.188849,32.465128
2266,-81.188702,32.405245
2171,-81.187912,32.461636
2170,-81.187899,32.461823
2169,-81.187695,32.464757
2168,-81.187689,32.464848
2267,-81.186645,32.401669
2268,-81.186146,32.401094
2269,-81.184901,32.399659
2286,-81.181766,32.379607
2285,-81.181717,32.379742
2284,-81.181456,32.380456
2270,-81.181002,32.396221
2287,-81.180666,32.378639
2288,-81.180661,32.378635
2289,-81.180656,32.378633
2283,-81.180542,32.381373
2271,-81.180349,32.395469
2282,-81.180057,32.38186
2281,-81.179771,32.382339
2290,-81.17977,32.378318
2291,-81.179529,32.378232
2272,-81.179366,32.394336
2292,-81.17911,32.378083
2280,-81.178663,32.384189
2293,-81.17839,32.377827
2273,-81.178386,32.393207
2279,-81.178294,32.384805
2278,-81.178181,32.385322
2274,-81.177934,32.392384
2275,-81.177396,32.390407
2277,-81.177345,32.389162
2276,-81.177217,32.389747
2294,-81.177176,32.377031
2295,-81.177026,32.376845
2296,-81.173736,32.372763
2314,-81.173605,32.362958
2313,-81.173532,32.363347
2312,-81.173512,32.363454
2311,-81.17322,32.363633
2315,-81.173107,32.362481
2310,-81.172967,32.363788
2316,-81.172835,32.36222
2309,-81.172828,32.363872
2317,-81.171824,32.36196
2308,-81.171678,32.364146
2297,-81.171356,32.370923
2318,-81.171072,32.361861
2307,-81.170768,32.364363
2306,-81.170616,32.364442
2305,-81.169595,32.36497
2298,-81.169019,32.369907
2319,-81.168851,32.361567
2299,-81.168836,32.369828
2300,-81.168833,32.369823
2320,-81.168574,32.36153
2304,-81.168465,32.366218
2303,-81.168258,32.366446
2302,-81.16818,32.367149
2301,-81.168034,32.368451
2321,-81.167949,32.361664
2329,-81.167663,32.359122
2328,-81.167631,32.359217
2327,-81.167612,32.359274
2322,-81.16747,32.361766
2323,-81.16743,32.36172
2324,-81.16737,32.361651
2326,-81.167169,32.360603
2325,-81.166972,32.361192
2330,-81.166247,32.357791
2331,-81.164715,32.35708
2332,-81.164285,32.357095
2333,-81.163953,32.357106
2334,-81.16345,32.356887
2335,-81.162274,32.356376
2338,-81.161579,32.351199
2339,-81.161423,32.350416
2336,-81.16113,32.355208
2337,-81.160951,32.354548
2340,-81.160926,32.349841
2355,-81.16054,32.3414
2354,-81.160183,32.342497
2356,-81.159964,32.340434
2341,-81.159814,32.349313
2357,-81.159443,32.339984
2353,-81.159181,32.343
2358,-81.158737,32.33989
2359,-81.158494,32.339858
2360,-81.158262,32.339828
2361,-81.157577,32.34001
2362,-81.157162,32.340121
2352,-81.157136,32.342603
2527,-81.156862,32.243146
2351,-81.156688,32.342666
2350,-81.15667,32.342668
2526,-81.156514,32.245007
2349,-81.156458,32.342798
2528,-81.156426,32.241435
2348,-81.155499,32.343384
2342,-81.155351,32.348087
2347,-81.155302,32.343504
2346,-81.155202,32.344132
2525,-81.155156,32.246607
2529,-81.15495,32.238824
2345,-81.154913,32.345933
2343,-81.154882,32.34641
2344,-81.154853,32.346305
2530,-81.153358,32.236833
2524,-81.153278,32.247757
2363,-81.152845,32.341272
2364,-81.152239,32.341643
2365,-81.152161,32.34169
2531,-81.151999,32.235939
2553,-81.15196,32.221962
2366,-81.151804,32.342787
2367,-81.151758,32.343035
2552,-81.151691,32.222681
2551,-81.151613,32.222742
2532,-81.151154,32.235384
2533,-81.151148,32.23538
2368,-81.150929,32.343724
2554,-81.150792,32.221286
2534,-81.14993,32.234579
2535,-81.149724,32.234444
2536,-81.149467,32.234319
2369,-81.14929,32.345084
2370,-81.149248,32.345119
2371,-81.14922,32.34512
2555,-81.149133,32.221356
2513,-81.148591,32.255019
2550,-81.148486,32.223682
2549,-81.14809,32.223801
2556,-81.148089,32.22157
2514,-81.14801,32.254347
2537,-81.147923,32.233569
2523,-81.147519,32.249529
2522,-81.147502,32.249534
2521,-81.147483,32.249548
2372,-81.14739,32.345204
2380,-81.147159,32.3498
2379,-81.147141,32.349637
2373,-81.147111,32.345217
2557,-81.147067,32.221792
2538,-81.146914,32.233308
2378,-81.146876,32.347284
2374,-81.146847,32.345136
2377,-81.146847,32.347026
2512,-81.146792,32.261392
2381,-81.146684,32.350044
2511,-81.146513,32.262881
2376,-81.146414,32.345081
2375,-81.146395,32.344995
2510,-81.146207,32.263315
2509,-81.146152,32.263391
2515,-81.146109,32.25215
2508,-81.146102,32.263462
2520,-81.14608,32.250505
2519,-81.145942,32.250599
2518,-81.145872,32.250975
2539,-81.145827,32.232656
2517,-81.145783,32.251452
2516,-81.145733,32.251716
2548,-81.145689,32.225167
2547,-81.145553,32.225245
2540,-81.145467,32.232164
2541,-81.145292,32.231925
2542,-81.145288,32.23192
2558,-81.145252,32.221998
2507,-81.145248,32.263985
2506,-81.144635,32.264031
2543,-81.144383,32.230684
2546,-81.144377,32.226339
2545,-81.144273,32.227236
2559,-81.144073,32.221935
2382,-81.144059,32.35139
2544,-81.143994,32.228725
2505,-81.143824,32.263946
2383,-81.143809,32.351518
2560,-81.14233,32.221314
2494,-81.1423,32.270841
2384,-81.142231,32.351055
2493,-81.142207,32.271337
2385,-81.141909,32.350683
2492,-81.141844,32.271559
2495,-81.141678,32.270123
2386,-81.141468,32.350174
2491,-81.141202,32.271952
2490,-81.141182,32.271964
2387,-81.141111,32.349762
2561,-81.140995,32.220461
2388,-81.140861,32.349032
2504,-81.140798,32.263628
2503,-81.140708,32.263619
2502,-81.140038,32.263548
2501,-81.1398,32.263662
2389,-81.139742,32.345767
2390,-81.139707,32.345732
2562,-81.139388,32.220027
2496,-81.138945,32.269379
2391,-81.138729,32.344731
2392,-81.138599,32.344599
2563,-81.138435,32.219256
2500,-81.138376,32.264345
2416,-81.137787,32.327964
2415,-81.13766,32.328385
2497,-81.137655,32.268191
2499,-81.137623,32.265135
2564,-81.137491,32.217865
2414,-81.137454,32.329072
2413,-81.137383,32.329309
2498,-81.137274,32.266996
2489,-81.137136,32.272572
2565,-81.136944,32.217003
2488,-81.136832,32.272532
2567,-81.136729,32.213673
2566,-81.136606,32.21565
2417,-81.136481,32.325248
2418,-81.135859,32.32453
2487,-81.135808,32.272396
2486,-81.135628,32.272428
2419,-81.135399,32.324412
2412,-81.135285,32.330811
2411,-81.135112,32.330992
2568,-81.134902,32.212082
2420,-81.134848,32.324269
2410,-81.134531,32.331601
2393,-81.134326,32.34162
2421,-81.133745,32.324505
2569,-81.133702,32.211326
2394,-81.133647,32.341146
2409,-81.133568,32.333508
2438,-81.133043,32.308901
2439,-81.132841,32.308366
2437,-81.132709,32.309874
2570,-81.132585,32.210759
2395,-81.132577,32.341004
2408,-81.132574,32.334774
2422,-81.132544,32.325441
2440,-81.132495,32.307966
2441,-81.132466,32.307933
2396,-81.132318,32.34097
2442,-81.132219,32.307647
2485,-81.132057,32.273043
2423,-81.131795,32.326026
2428,-81.131654,32.319523
2429,-81.131537,32.317728
2407,-81.131354,32.33563
2443,-81.131255,32.307138
2427,-81.131211,32.32188
2424,-81.131204,32.325948
2397,-81.131046,32.341747
2398,-81.13095,32.341806
2444,-81.130948,32.307083
2399,-81.130917,32.341798
2571,-81.130874,32.210147
2430,-81.130855,32.316445
2426,-81.130784,32.323349
2431,-81.130732,32.316213
2425,-81.13073,32.325249
2436,-81.130331,32.311645
2435,-81.130246,32.311709
2434,-81.13021,32.311901
2432,-81.130084,32.314993
2484,-81.129876,32.275805
2433,-81.129827,32.313942
2400,-81.129792,32.341525
2406,-81.129784,32.33593
2445,-81.129702,32.306857
2631,-81.129604,32.165884
2632,-81.129576,32.165849
2633,-81.129571,32.165842
2572,-81.129434,32.209595
2405,-81.129353,32.336194
2630,-81.129342,32.167429
2401,-81.129295,32.340951
2483,-81.129192,32.276223
2404,-81.1291,32.336348
2403,-81.128859,32.336825
2446,-81.128622,32.306662
2402,-81.128579,32.338313
2482,-81.128555,32.276393
2634,-81.128433,32.164408
2481,-81.128385,32.276371
2573,-81.128286,32.208637
2629,-81.128137,32.1691
2447,-81.127638,32.307133
2574,-81.12742,32.207554
2480,-81.127408,32.276241
2479,-81.127375,32.276237
2478,-81.127355,32.276225
2469,-81.127352,32.281192
2635,-81.127345,32.164095
2468,-81.127096,32.282557
2628,-81.127055,32.169921
2448,-81.127009,32.307435
2470,-81.126971,32.279998
2449,-81.126959,32.307459
2575,-81.126606,32.206187
2471,-81.126249,32.279012
2627,-81.126146,32.170616
2467,-81.125706,32.283517
2576,-81.125573,32.204456
2477,-81.125325,32.275075
2636,-81.125164,32.163468
2450,-81.124885,32.308836
2577,-81.124769,32.203035
2476,-81.124709,32.274993
2626,-81.124641,32.171892
2472,-81.124346,32.277869
2475,-81.124292,32.274938
2578,-81.124044,32.202271
2451,-81.123922,32.308327
2456,-81.123765,32.295465
2457,-81.123657,32.294722
2458,-81.123633,32.294558
2474,-81.123437,32.27546
2473,-81.123352,32.27672
2625,-81.123319,32.173108
2459,-81.123307,32.293879
2455,-81.123255,32.297901
2460,-81.123231,32.293796
2579,-81.123152,32.201331
2637,-81.123135,32.162898
2452,-81.123051,32.307322
2580,-81.122879,32.199922
2466,-81.122568,32.284118
2581,-81.122547,32.198214
2624,-81.122517,32.173762
2454,-81.12229,32.302517
2461,-81.122233,32.292696
2453,-81.122165,32.304789
2640,-81.122137,32.157304
2639,-81.122135,32.159399
2638,-81.12203,32.161796
2582,-81.121837,32.195701
2594,-81.121738,32.190801
2641,-81.121517,32.155077
2593,-81.121234,32.192601
2465,-81.120883,32.285038
2642,-81.120694,32.154094
2623,-81.120622,32.175044
2595,-81.120556,32.190013
2462,-81.120549,32.290843
2604,-81.120361,32.178648
2603,-81.120093,32.180132
2643,-81.120034,32.153303
2661,-81.119941,32.133987
2660,-81.119933,32.135016
2464,-81.119865,32.286429
2602,-81.119834,32.181205
2583,-81.119834,32.194921
2659,-81.119655,32.1361
2463,-81.119632,32.28767
2662,-81.119458,32.132962
2596,-81.119361,32.189596
2592,-81.119333,32.193199
2622,-81.119298,32.175082
2601,-81.119256,32.18245
2658,-81.11924,32.137296
2656,-81.11913,32.142137
2657,-81.119039,32.139179
2644,-81.118964,32.1528
2621,-81.118844,32.174106
2600,-81.118781,32.183476
2605,-81.118592,32.177387
2663,-81.118467,32.131512
2655,-81.118331,32.144408
2591,-81.118313,32.193133
2620,-81.118281,32.172797
2597,-81.118237,32.189203
2598,-81.118059,32.186895
2599,-81.117935,32.185298
2584,-81.117935,32.195701
2619,-81.117893,32.171543
2645,-81.117741,32.152225
2664,-81.117687,32.130581
2606,-81.117525,32.176626
2654,-81.117271,32.146261
2590,-81.117267,32.193066
2671,-81.117225,32.117604
2670,-81.117225,32.119805
2618,-81.116946,32.170914
2665,-81.116891,32.129607
2646,-81.116722,32.152164
2607,-81.11653,32.176391
2653,-81.116236,32.147201
2589,-81.11623,32.192999
2666,-81.116167,32.128731
2669,-81.1161,32.123036
2585,-81.116035,32.1965
2667,-81.115688,32.127133
2617,-81.115533,32.170901
2668,-81.115341,32.125883
2608,-81.115242,32.176997
2647,-81.115199,32.152073
2652,-81.115106,32.14772
2588,-81.114837,32.193464
2648,-81.114033,32.152003
2586,-81.114032,32.195701
2609,-81.11393,32.177604
2587,-81.113928,32.194007
2651,-81.113838,32.148303
2616,-81.113632,32.171303
2649,-81.112236,32.150804
2650,-81.112234,32.149306
2615,-81.112069,32.172178
2610,-81.111933,32.178002
2611,-81.110932,32.177295
2614,-81.110731,32.17351
2613,-81.110234,32.174503
2612,-81.110234,32.17561
2978,-80.488246,33.909464
2979,-80.487559,33.909305
2980,-80.485251,33.908917
2981,-80.484317,33.908895
2982,-80.483603,33.909171
2983,-80.482806,33.909515
2984,-80.481846,33.910157
2985,-80.481434,33.91041
2986,-80.480994,33.910479
2987,-80.480225,33.910342
2988,-80.478548,33.909839
2989,-80.473601,33.908286
2990,-80.47099,33.907074
2991,-80.470275,33.906547
2992,-80.468542,33.904968
2994,-80.468457,33.902219
2993,-80.468377,33.904624
2995,-80.468081,33.901412
2996,-80.468078,33.901406
2997,-80.466967,33.899019
2998,-80.466964,33.899013
2999,-80.466282,33.897547
3000,-80.465153,33.895624
3001,-80.464603,33.894868
3003,-80.464298,33.891684
3002,-80.463806,33.893907
3004,-80.461435,33.885662
3005,-80.458573,33.879478
3006,-80.456622,33.878472
3007,-80.454808,33.877854
3008,-80.452262,33.8773
3009,-80.450006,33.876994
3010,-80.447801,33.877202
3011,-80.444243,33.877989
3012,-80.443577,33.878414
3013,-80.443576,33.878525
3014,-80.442258,33.879099
3015,-80.440826,33.880002
3016,-80.438558,33.880138
3017,-80.437782,33.880063
3018,-80.437095,33.879812
3019,-80.436408,33.879766
3020,-80.429185,33.879884
3021,-80.426906,33.880023
3022,-80.42534,33.880275
3023,-80.424983,33.880344
3024,-80.42339,33.880391
3025,-80.422429,33.880047
3026,-80.421879,33.879589
3027,-80.421495,33.879452
3028,-80.420039,33.879269
3029,-80.419627,33.879269
3030,-80.417677,33.879178
3031,-80.414134,33.878836
3032,-80.409355,33.878127
3033,-80.407786,33.878104
3034,-80.401884,33.878015
3035,-80.398314,33.878519
3036,-80.391624,33.878284
3037,-80.391506,33.87828
3038,-80.391503,33.87828
3039,-80.391173,33.878268
3040,-80.390486,33.878108
3041,-80.387355,33.877261
